title,artist,area,youtube_link,spotify_link,release_date,youtube_view_count,youtube_like_count,tag,duration,popularity,danceability,energy,speechiness,acousticness,instrumentalness,liveness,valence,loudness,tempo
No Me Conoce - Remix,Jhayco,Latin,https://www.youtube.com/watch?v=w2C6RhQBYlg,https://open.spotify.com/track/4R8BJggjosTswLxtkw8V7P,,2175378856,6297541,,,,,,,,,,,,
CÓMO SE SIENTE - Remix,Jhayco,Latin,https://www.youtube.com/watch?v=ZAW9358S9rY,https://open.spotify.com/track/2tFwfmceQa1Y6nRPhYbEtC,,262424194,1038803,,,,,,,,,,,,
Holanda,Jhayco,Latin,https://www.youtube.com/watch?v=4KPbiiMcx1g,https://open.spotify.com/track/6irysuQyZWd7Bjj7ePiOs2,,81568257,413568,,,,,,,,,,,,
En La De Ella,Jhayco,Latin,https://www.youtube.com/watch?v=Thkj3Ia0-4Y,https://open.spotify.com/track/5NxhMcHSVY3Z7ykWxZf3aj,,37319655,344463,,,,,,,,,,,,
Ley Seca,Jhayco,Latin,https://www.youtube.com/watch?v=tXHhgLkBml4,https://open.spotify.com/track/3JCaq3KDSROg3TXhdiDa9n,,150639171,784444,,,,,,,,,,,,
Mami Chula,Jhayco,Latin,https://www.youtube.com/watch?v=e6ll0cjSG_U,https://open.spotify.com/track/4aJzxp3gimtAdgJn3DL776,,15162761,167974,,,,,,,,,,,,
Tokyo,Jhayco,Latin,https://www.youtube.com/watch?v=yv_sbPSEeL4,https://open.spotify.com/track/1gYipuSzUpI6BENbGrgeid,,14846741,173716,,,,,,,,,,,,
Imaginaste,Jhayco,Latin,https://www.youtube.com/watch?v=ZdlBRmMRbOA,https://open.spotify.com/track/29pXVDrrYBJZb5zXU8ryll,,39412939,224324,,,,,,,,,,,,
Ex-Special,Jhayco,Latin,https://www.youtube.com/watch?v=id1N0cyK0uM,https://open.spotify.com/track/4ix1NGkHZEiVyzoQ6cEVs3,,17935017,260785,,,,,,,,,,,,
Cuerpecito,Jhayco,Latin,https://www.youtube.com/watch?v=8lJyioOjbKE,https://open.spotify.com/track/79euszUrA1kga1kK5PRmDo,,11921007,111632,,,,,,,,,,,,
En Mi Cuarto,Jhayco,Latin,https://www.youtube.com/watch?v=oEnbhSTwxxQ,https://open.spotify.com/track/2Doh4izLZGrUD3yOSs9y9G,,33519809,417287,,,,,,,,,,,,
Medusa,Jhayco,Latin,,https://open.spotify.com/track/3qM0vBxIe4VUbK0Z0smuVP,,,,,,,,,,,,,,,
Sensual Bebé,Jhayco,Latin,https://www.youtube.com/watch?v=g07lbYDcvE0,https://open.spotify.com/track/1xqbfjRuUw0ot43wgBuVkt,,26921482,246189,,,,,,,,,,,,
Dile (Homenaje),Jhayco,Latin,https://www.youtube.com/watch?v=-Oz04H-If9c,https://open.spotify.com/track/073yIM7v2j6XadD4Nkn0Fh,,32593366,183802,,,,,,,,,,,,
Christian Dior,Jhayco,Latin,https://www.youtube.com/watch?v=Bv1jALmLfQQ,https://open.spotify.com/track/11hBaUK4uHt1KPkwfPoTwN,,38612691,321137,,,,,,,,,,,,
Esta Dejá,Jhayco,Latin,https://www.youtube.com/watch?v=LlHkMGZ01kA,https://open.spotify.com/track/3rP4fbwWIAxRqay8ozCvhu,,27872116,184715,,,,,,,,,,,,
Dilema,Jhayco,Latin,https://www.youtube.com/watch?v=nmwl0copGKU,https://open.spotify.com/track/3bDRMfygdJbTDbsdmzc1PP,,3125886,50303,,,,,,,,,,,,
Los Bo,Jhayco,Latin,,https://open.spotify.com/track/0AXTYqxygPlNS6E4arLO1g,,,,,,,,,,,,,,,
Kobe En LA,Jhayco,Latin,https://www.youtube.com/watch?v=e4JAAIJMH9Y,https://open.spotify.com/track/4bmMAGg2sb9IWUgB0wTVov,,32232278,295080,,,,,,,,,,,,
Easy - Remix,Jhayco,Latin,https://www.youtube.com/watch?v=NL3gWsg0RPQ,,,82208721,529848,,,,,,,,,,,,
Me Extraña,Jhayco,Latin,,https://open.spotify.com/track/2EYy5e5yDpF8yaxq8rNopo,,,,,,,,,,,,,,,
Mi Vicio,Jhayco,Latin,https://www.youtube.com/watch?v=p0cy-wIHo4o,https://open.spotify.com/track/6eDImMU0RbxxTWqlEzpcom,,18661692,164766,,,,,,,,,,,,
No Me Conoce,Jhayco,Latin,https://www.youtube.com/watch?v=Bv9TUVgu6d4,https://open.spotify.com/track/1a70j63PDhPWZ8lArt5fLG,,11262761,160810,,,,,,,,,,,,
Nos Matamos,Jhayco,Latin,https://www.youtube.com/watch?v=4aiLhaZjK-E,https://open.spotify.com/track/0kekARy9zsWohICrBUjyIn,,10737122,189681,,,,,,,,,,,,
Easy,Jhayco,Latin,https://www.youtube.com/watch?v=5QVVPJzToK8,https://open.spotify.com/track/49OwWF8auAUxPbnPkQFBqR,,31327536,225196,,,,,,,,,,,,
Como Se Siente,Jhayco,Latin,https://www.youtube.com/watch?v=mP2qWBj3SQ8,https://open.spotify.com/track/09tYvFOFp1pKxZ8GJVlOXm,,77395361,575341,,,,,,,,,,,,
Costear,Jhayco,Latin,https://www.youtube.com/watch?v=lyQxxjTrFjw,,,16901329,154905,,,,,,,,,,,,
Subiendo De Nivel - Remix,Jhayco,Latin,https://www.youtube.com/watch?v=pgZS7YANFoQ,https://open.spotify.com/track/4d4ZXH4dr5bYfgErHiZCX2,,19416710,120520,,,,,,,,,,,,
Los Rompediskoteca,Jhayco,Latin,https://www.youtube.com/watch?v=KTItPkdbJqI,https://open.spotify.com/track/5c7jyyEdD8jze2O60UImvb,,1216944,23552,,,,,,,,,,,,
Kobe En LA 2.0,Jhayco,Latin,,https://open.spotify.com/track/7pWBRneiso1n8vdpn6mp8V,,,,,,,,,,,,,,,
Los Bandoleros,Jhayco,Latin,,https://open.spotify.com/track/6PxRarQMMrZnB9m0vRhMW0,,,,,,,,,,,,,,,
Dale Como Es,Jhayco,Latin,,https://open.spotify.com/track/1pRClUvlmmb72OtqhM7LUq,,,,,,,,,,,,,,,
Subiendo De Nivel,Jhayco,Latin,https://www.youtube.com/watch?v=BlOGuW1RVto,https://open.spotify.com/track/53n1jy5CHbAn93nvvRk6TX,,17102118,111915,,,,,,,,,,,,
Eternamente,Jhayco,Latin,,https://open.spotify.com/track/3fC9kIUdPidr4gaedvNwDp,,,,,,,,,,,,,,,
Tocarte,Jhayco,Latin,https://www.youtube.com/watch?v=cQC-t09FYzA,,,3429395,33948,,,,,,,,,,,,
Ropa Interior,Jhayco,Latin,,https://open.spotify.com/track/6VbBXLHYIriwKQUKbI8dwE,,,,,,,,,,,,,,,
Imaginaste - Remix,Jhayco,Latin,https://www.youtube.com/watch?v=apSDw8PA9E0,https://open.spotify.com/track/3dJWIbkKEnI0Jb9CK6kdcg,,107165000,508479,,,,,,,,,,,,
¿Cuánto E$?,Jhayco,Latin,https://www.youtube.com/watch?v=IT6kPagC8m8,https://open.spotify.com/track/77eLBhhdkYwEOptOKfkXlh,,631592,11550,,,,,,,,,,,,
Apaga Las Luces,Jhayco,Latin,https://www.youtube.com/watch?v=OHGqNcZyf00,https://open.spotify.com/track/1h2WcPaqREAk9thzvjfAwW,,4155442,34043,,,,,,,,,,,,
Dime A Ve,Jhayco,Latin,https://www.youtube.com/watch?v=iD0m21pmcRc,,,29807916,232268,,,,,,,,,,,,
Sabe,Jhayco,Latin,https://www.youtube.com/watch?v=LBMPOL2Lkgk,,,1228212,14592,,,,,,,,,,,,
Cuando Bebe,Jhayco,Latin,https://www.youtube.com/watch?v=dg-3XwCM66Q,https://open.spotify.com/track/7guHW8vSLHnTOfcwsXjpGB,,9383750,48376,,,,,,,,,,,,
En La Mía,Jhayco,Latin,https://www.youtube.com/watch?v=hf9e1gqPnCY,,,2055406,22708,,,,,,,,,,,,
Game Over,Jhayco,Latin,,,,,,,,,,,,,,,,,
Somos Iguales,Jhayco,Latin,https://www.youtube.com/watch?v=QNBVXhe4Itk,,,12258175,87462,,,,,,,,,,,,
Se Supone - Remix,Jhayco,Latin,https://www.youtube.com/watch?v=C8kyAUQETcg,,,17808957,129635,,,,,,,,,,,,
Costear - Equipo Rojo Remix,Jhayco,Latin,,,,,,,,,,,,,,,,,
Y No Le Conviene,Jhayco,Latin,https://www.youtube.com/watch?v=K2yn3uhHNm4,,,381340,4118,,,,,,,,,,,,
Deséame Suerte,Jhayco,Latin,https://www.youtube.com/watch?v=oI91Wi2z6G4,,,38454407,261701,,,,,,,,,,,,
Deseos - Remix,Jhayco,Latin,,,,,,,,,,,,,,,,,
24 Horas,Jhayco,Latin,,,,,,,,,,,,,,,,,
Deseos,Jhayco,Latin,https://www.youtube.com/watch?v=xCLHzZLlmDA,,,9276822,122107,,,,,,,,,,,,
Costear - Equipo Negro Remix,Jhayco,Latin,,,,,,,,,,,,,,,,,
Están Pa´ Mí,Jhayco,Latin,https://www.youtube.com/watch?v=oBAlEGWDLXQ,,,29760952,137562,,,,,,,,,,,,
Costear - Remix,Jhayco,Latin,,,,,,,,,,,,,,,,,
All Eyes On Me,Jhayco,Latin,https://www.youtube.com/watch?v=b7XBRYNycl8,,,2276888,33585,,,,,,,,,,,,
Popular,Jhayco,Latin,https://www.youtube.com/watch?v=yU2A_HYkrsQ,,,143434,1392,,,,,,,,,,,,
Más De Una,Jhayco,Latin,,,,,,,,,,,,,,,,,
Perder El Tiempo,Jhayco,Latin,https://www.youtube.com/watch?v=IKEjoGa1r8g,,,869481,14532,,,,,,,,,,,,
Olvidate,Jhayco,Latin,,,,,,,,,,,,,,,,,
Se Supone,Jhayco,Latin,https://www.youtube.com/watch?v=UnWopvw8veI,,,4478613,48647,,,,,,,,,,,,
Donde No Se Vea,Jhayco,Latin,https://www.youtube.com/watch?v=RX0HZawNY3w,,,4755533,32986,,,,,,,,,,,,
No Me Conoce (Remix),Jhayco,Latin,,,,,,,,,,,,,,,,,
Está Dejá,Jhayco,Latin,,,,,,,,,,,,,,,,,
Costear - Flow La Movie Remix,Jhayco,Latin,,,,,,,,,,,,,,,,,
ENTERRAUW,Jhayco,Latin,,,,,,,,,,,,,,,,,
Subiendo de Nivel (feat. Myke Towers) [Remix],Jhayco,Latin,,,,,,,,,,,,,,,,,
"No Me Conoce (Remix) (feat. J Balvin, Bad Bunny)",Jhayco,Latin,,,,,,,,,,,,,,,,,
CÓMO SE SIENTE (Remix) (feat. Bad Bunny),Jhayco,Latin,,,,,,,,,,,,,,,,,
Advertisement,Jhayco,Latin,,,,,,,,,,,,,,,,,
CÓMO SE SIENTE (Remix),Jhayco,Latin,,,,,,,,,,,,,,,,,
"Jhay Cortez, J. Balvin, Bad Bunny - No Me Conoce (Remix)",Jhayco,Latin,,,,,,,,,,,,,,,,,
CÓMO SE SIENTE,Jhayco,Latin,,,,,,,,,,,,,,,,,
Holanda [Explicit],Jhayco,Latin,,,,,,,,,,,,,,,,,
Subiendo De Nivel (Remix) (con Myke Towers),Jhayco,Latin,,,,,,,,,,,,,,,,,
Easy (Remix),Jhayco,Latin,,,,,,,,,,,,,,,,,
Jhayco - Holanda,Jhayco,Latin,,,,,,,,,,,,,,,,,
Ley Seca [Explicit],Jhayco,Latin,,,,,,,,,,,,,,,,,
"En La De Ella (feat. Feid, Sech)",Jhayco,Latin,,,,,,,,,,,,,,,,,
"Costear (Equipo Rojo Remix) (feat. Almighty, Juanka, Bryant Myers, Rauw Alejandro, Justin Quiles, Lyanno, Eladio Carrion, Joyce Santana)",Jhayco,Latin,,,,,,,,,,,,,,,,,
Imaginaste (Remix),Jhayco,Latin,,,,,,,,,,,,,,,,,
En La De Ella [Explicit],Jhayco,Latin,,,,,,,,,,,,,,,,,
Subiendo De Nivel (Remix),Jhayco,Latin,,,,,,,,,,,,,,,,,
Easy (Mixed),Jhayco,Latin,,,,,,,,,,,,,,,,,
Subiendo De Nivel (Live Session),Jhayco,Latin,,,,,,,,,,,,,,,,,
Ley Seca (Feat. Anuel AA),Jhayco,Latin,,,,,,,,,,,,,,,,,
Jhay Cortez Habla Sobre Timelezz,Jhayco,Latin,,,,,,,,,,,,,,,,,
FANTASMA | AVC,Jhayco,Latin,,,,,,,,,,,,,,,,,
"Jhayco, Peso Pluma - Ex-Special",Jhayco,Latin,,,,,,,,,,,,,,,,,
Subiendo De Nivel (Remix) (feat. Myke Towers),Jhayco,Latin,,,,,,,,,,,,,,,,,
Como Robarte,Jhayco,Latin,,,,,,,,,,,,,,,,,
Mami Chula [Explicit],Jhayco,Latin,,,,,,,,,,,,,,,,,
"Jhayco, Feid, Sech - En La De Ella",Jhayco,Latin,,,,,,,,,,,,,,,,,
"Jhayco, Feid, Sech - En La De Ella (Official Video)",Jhayco,Latin,,,,,,,,,,,,,,,,,
No Me Conoce (Remix) [Explicit],Jhayco,Latin,,,,,,,,,,,,,,,,,
En To Lao,Jhayco,Latin,,,,,,,,,,,,,,,,,
CÃ“MO SE SIENTE - Remix,Jhayco,Latin,,,,,,,,,,,,,,,,,
Costear (Equipo Rojo Remix),Jhayco,Latin,,,,,,,,,,,,,,,,,
Esta Dejá (Official Video),Jhayco,Latin,,,,,,,,,,,,,,,,,
Me Extraña (Audio),Jhayco,Latin,,,,,,,,,,,,,,,,,
Dale Como Es (Audio),Jhayco,Latin,,,,,,,,,,,,,,,,,
Se Supone (Remix),Jhayco,Latin,,,,,,,,,,,,,,,,,
VIDA ROCKSTAR SZN,Jhayco,Latin,,,,,,,,,,,,,,,,,
Mi Vicio (Official Video),Jhayco,Latin,,,,,,,,,,,,,,,,,
Sensual Bebé (Official Video),Jhayco,Latin,,,,,,,,,,,,,,,,,
Jhayco - Esta Dejá (Official Video),Jhayco,Latin,,,,,,,,,,,,,,,,,
Dile (Homenaje) (Audio),Jhayco,Latin,,,,,,,,,,,,,,,,,
Jhayco - Cuerpecito,Jhayco,Latin,,,,,,,,,,,,,,,,,
Costear (Equipo Negro Remix),Jhayco,Latin,,,,,,,,,,,,,,,,,
En Mi Cuarto (feat. Skrillex),Jhayco,Latin,,,,,,,,,,,,,,,,,
Holanda (Official Video),Jhayco,Latin,,,,,,,,,,,,,,,,,
"Jhay Cortez, Anuel AA - Ley Seca",Jhayco,Latin,,,,,,,,,,,,,,,,,
Tocarte (Live Session),Jhayco,Latin,,,,,,,,,,,,,,,,,
RoCKSTAR 2.0,Jhayco,Latin,,,,,,,,,,,,,,,,,
Están Pa' Mí,Jhayco,Latin,,,,,,,,,,,,,,,,,
"Medusa (feat. Anuel AA, J Balvin)",Jhayco,Latin,,,,,,,,,,,,,,,,,
Ex-Special (with Peso Pluma),Jhayco,Latin,,,,,,,,,,,,,,,,,
"Jhay Cortez, Tainy - Imaginaste",Jhayco,Latin,,,,,,,,,,,,,,,,,
Jhayco - Holanda (Official Video),Jhayco,Latin,,,,,,,,,,,,,,,,,
Holanda (Mixed),Jhayco,Latin,,,,,,,,,,,,,,,,,
Mami Chula (Feat. Quevedo),Jhayco,Latin,,,,,,,,,,,,,,,,,
PASIEMPRE,Jhayco,Latin,,,,,,,,,,,,,,,,,
EnteRAUW,Jhayco,Latin,,,,,,,,,,,,,,,,,
Cuerpecito (Official Video),Jhayco,Latin,,,,,,,,,,,,,,,,,
Sensual Bebe,Jhayco,Latin,,,,,,,,,,,,,,,,,
Me extraña Remix ft. Rauw Alejandro IA,Jhayco,Latin,,,,,,,,,,,,,,,,,
Me Extraña (Chicozapote Edit),Jhayco,Latin,,,,,,,,,,,,,,,,,
Tocarte (Audio),Jhayco,Latin,,,,,,,,,,,,,,,,,
Jhayco - Esta Dejá,Jhayco,Latin,,,,,,,,,,,,,,,,,
Ropa Interior (Feat. Kendo Kaponi),Jhayco,Latin,,,,,,,,,,,,,,,,,
Subiendo De Nivel (Audio),Jhayco,Latin,,,,,,,,,,,,,,,,,
Cuerpecito [Explicit],Jhayco,Latin,,,,,,,,,,,,,,,,,
Kobe En LA (Versión Corta),Jhayco,Latin,,,,,,,,,,,,,,,,,
"Jhayco, Quevedo - Mami Chula",Jhayco,Latin,,,,,,,,,,,,,,,,,
"Jhay Cortez, Anuel AA, J. Balvin - Medusa",Jhayco,Latin,,,,,,,,,,,,,,,,,
Christian Dior [Explicit],Jhayco,Latin,,,,,,,,,,,,,,,,,
Jhayco - Cuerpecito (Official Video),Jhayco,Latin,,,,,,,,,,,,,,,,,
Corazón Roto (Remix),Jhayco,Latin,,,,,,,,,,,,,,,,,
Dile,Jhayco,Latin,,,,,,,,,,,,,,,,,
Los Rompediskoteca (Audio),Jhayco,Latin,,,,,,,,,,,,,,,,,
MEMORIAS,Jhayco,Latin,,,,,,,,,,,,,,,,,
Me Subestimaron,Jhayco,Latin,,,,,,,,,,,,,,,,,
Los Bandoleros [Explicit],Jhayco,Latin,,,,,,,,,,,,,,,,,
Jhayco - Tokyo,Jhayco,Latin,,,,,,,,,,,,,,,,,
Jhay Cortez - Nos Matamos,Jhayco,Latin,,,,,,,,,,,,,,,,,
Los Bo [Explicit],Jhayco,Latin,,,,,,,,,,,,,,,,,
Dilema (Audio),Jhayco,Latin,,,,,,,,,,,,,,,,,
dilema (edit),Jhayco,Latin,,,,,,,,,,,,,,,,,
Ex-Special [Explicit],Jhayco,Latin,,,,,,,,,,,,,,,,,
"Jhay Cortez, Myke Towers - Los Bo",Jhayco,Latin,,,,,,,,,,,,,,,,,
512,Jhayco,Latin,,,,,,,,,,,,,,,,,
Vida Rockstar Tour,Jhayco,Latin,,,,,,,,,,,,,,,,,
"Jhay Cortez, Myke Towers - Los Bo",Jhayco,Latin,,,,,,,,,,,,,,,,,
En La De Ella (feat. Feid & Sech),Jhayco,Latin,,,,,,,,,,,,,,,,,
Jhay Cortez - Dime A Ve,Jhayco,Latin,,,,,,,,,,,,,,,,,
Sensual Bebé [Explicit],Jhayco,Latin,,,,,,,,,,,,,,,,,
Jhayco - Mi Vicio (Official Video),Jhayco,Latin,,,,,,,,,,,,,,,,,
"""No Me Conoce"" - Jhay Cortez (LYRIC VIDEO)",Jhayco,Latin,,,,,,,,,,,,,,,,,
Easy [Explicit],Jhayco,Latin,,,,,,,,,,,,,,,,,
Ex-Special (feat. Peso Pluma),Jhayco,Latin,,,,,,,,,,,,,,,,,
en la de ella (but stin9 edit so i dont need to show people that i actually enjoy reggaeton),Jhayco,Latin,,,,,,,,,,,,,,,,,
Holanda (Audio),Jhayco,Latin,,,,,,,,,,,,,,,,,
No Me Conoce (Remix) [feat. J Balvin & Bad Bunny],Jhayco,Latin,,,,,,,,,,,,,,,,,
Los Bo (feat. Myke Towers),Jhayco,Latin,,,,,,,,,,,,,,,,,
"Jhay Cortez, Anuel AA, J. Balvin - Medusa (Official Video)",Jhayco,Latin,,,,,,,,,,,,,,,,,
Costear (feat. Almighty),Jhayco,Latin,,,,,,,,,,,,,,,,,
No Me Conoce (Remix) (feat. J Balvin & Bad Bunny),Jhayco,Latin,,,,,,,,,,,,,,,,,
No Me Conoce -  Remix,Jhayco,Latin,,,,,,,,,,,,,,,,,
Eternamente (Feat. Buscabulla),Jhayco,Latin,,,,,,,,,,,,,,,,,
Los Bandoleros (Feat. Arcángel),Jhayco,Latin,,,,,,,,,,,,,,,,,
Imaginaste (feat. Tainy),Jhayco,Latin,,,,,,,,,,,,,,,,,
Kobe En LA [Explicit],Jhayco,Latin,,,,,,,,,,,,,,,,,
Me Extraña [Explicit],Jhayco,Latin,,,,,,,,,,,,,,,,,
No Me Conoce Remix (feat. J Balvin & Bad Bunny),Jhayco,Latin,,,,,,,,,,,,,,,,,
Easy Remix (feat. Ozuna),Jhayco,Latin,,,,,,,,,,,,,,,,,
No Me Conoce (Remix Feat. J Balvin & Bad Bunny),Jhayco,Latin,,,,,,,,,,,,,,,,,
Deseos (Remix),Jhayco,Latin,,,,,,,,,,,,,,,,,
En La De Ella (stin9 edi7),Jhayco,Latin,,,,,,,,,,,,,,,,,
Costear [Explicit],Jhayco,Latin,,,,,,,,,,,,,,,,,
GANGA,Jhayco,Latin,,,,,,,,,,,,,,,,,
Jhayco - Subiendo De Nivel (Live Session) | Vevo Ctrl,Jhayco,Latin,,,,,,,,,,,,,,,,,
Haze x Jhay Cortez x Lunay - Prendemos [Official Video],Jhayco,Latin,,,,,,,,,,,,,,,,,
En La De Ella [with Feid & Sech],Jhayco,Latin,,,,,,,,,,,,,,,,,
Inicio transmisión,Jhayco,Latin,,,,,,,,,,,,,,,,,
Jhay Cortez - Dale Como Es,Jhayco,Latin,,,,,,,,,,,,,,,,,
Esta Dejá [Explicit],Jhayco,Latin,,,,,,,,,,,,,,,,,
Sensual Bebé (The Good Son Remix),Jhayco,Latin,,,,,,,,,,,,,,,,,
FANTASMA,Jhayco,Latin,,,,,,,,,,,,,,,,,
Ex-Special [with Peso Pluma],Jhayco,Latin,,,,,,,,,,,,,,,,,
Ropa Interior w/Kendo Kaponi,Jhayco,Latin,,,,,,,,,,,,,,,,,
"Jhayco, C. Tangana - ¿Cuánto E$?",Jhayco,Latin,,,,,,,,,,,,,,,,,
Subiendo de Nivel Remix (feat. Myke Towers),Jhayco,Latin,,,,,,,,,,,,,,,,,
Borrachita,Jhayco,Latin,,,,,,,,,,,,,,,,,
En To Lao (feat. Haze),Jhayco,Latin,,,,,,,,,,,,,,,,,
Como Se Siente (Remix),Jhayco,Latin,,,,,,,,,,,,,,,,,
"Costear (feat. Bryant Myers, Rauw Alejandro, Justin Quiles, Lyanno, Eladio Carrión & Joyce Santana) [Equipo Rojo Remix]",Jhayco,Latin,,,,,,,,,,,,,,,,,
Corazón Roto - Remix,Jhayco,Latin,,,,,,,,,,,,,,,,,
Tokyo [Explicit],Jhayco,Latin,,,,,,,,,,,,,,,,,
Esta DejÃ¡,Jhayco,Latin,,,,,,,,,,,,,,,,,
Está Deja,Jhayco,Latin,,,,,,,,,,,,,,,,,
Está Deja,Jhayco,Latin,,,,,,,,,,,,,,,,,
¿Cuánto E$? (feat. C. Tangana),Jhayco,Latin,,,,,,,,,,,,,,,,,
Holanda {Reacción/Podcast},Jhayco,Latin,,,,,,,,,,,,,,,,,
Christian Dior (Audio),Jhayco,Latin,,,,,,,,,,,,,,,,,
JHAYCO en TikTok,Jhayco,Latin,,,,,,,,,,,,,,,,,
Christian Dior (Instrumental),Jhayco,Latin,,,,,,,,,,,,,,,,,
No Me Conoce - Remix.,Jhayco,Latin,,,,,,,,,,,,,,,,,
Cuando Bebe (feat. Rafa Pabön),Jhayco,Latin,,,,,,,,,,,,,,,,,
Jhay Cortez - Como Se Siente (Official Video),Jhayco,Latin,,,,,,,,,,,,,,,,,
Holanda (Acapella Studio),Jhayco,Latin,,,,,,,,,,,,,,,,,
En Mi Cuarto (Official Video),Jhayco,Latin,,,,,,,,,,,,,,,,,
Jhayco - Sensual Bebé (Official Video),Jhayco,Latin,,,,,,,,,,,,,,,,,
"Jhayco, Ozuna - Easy (Remix)",Jhayco,Latin,,,,,,,,,,,,,,,,,
Jhay Cortez - Dile (Homenaje),Jhayco,Latin,,,,,,,,,,,,,,,,,
Easy (Remix Feat. Ozuna),Jhayco,Latin,,,,,,,,,,,,,,,,,
Jhay Cortez - Kobe En LA 2.0,Jhayco,Latin,,,,,,,,,,,,,,,,,
Cuerpecito (Michael Lebeats Remix),Jhayco,Latin,,,,,,,,,,,,,,,,,
"Jhay Cortez, Tainy - Imaginaste (Audio)",Jhayco,Latin,,,,,,,,,,,,,,,,,
Tarot (Mixed),Jhayco,Latin,,,,,,,,,,,,,,,,,
3. Holanda [Explicit],Jhayco,Latin,,,,,,,,,,,,,,,,,
DÁKITI,Jhayco,Latin,,,,,,,,,,,,,,,,,
Ley Seca (Official Video),Jhayco,Latin,,,,,,,,,,,,,,,,,
Se Supone  [Remix],Jhayco,Latin,,,,,,,,,,,,,,,,,
Jhay Cortez - Tokyo (Official Video),Jhayco,Latin,,,,,,,,,,,,,,,,,
Me Extrańa,Jhayco,Latin,,,,,,,,,,,,,,,,,
Mami Chula ft. Quevedo,Jhayco,Latin,,,,,,,,,,,,,,,,,
"Costear (feat. Álvaro Díaz, Brray, Rafa Pabön, Lunay, Myke Towers & Alex Rose) [Equipo Negro Remix]",Jhayco,Latin,,,,,,,,,,,,,,,,,
The Sound of the City,Jhayco,Latin,,,,,,,,,,,,,,,,,
Tomando Tequila (Jhayco),Jhayco,Latin,,,,,,,,,,,,,,,,,
All Eyes On Me (Audio),Jhayco,Latin,,,,,,,,,,,,,,,,,
Como Robarte (feat. Lunay),Jhayco,Latin,,,,,,,,,,,,,,,,,
"Jhayco, Anuel AA - Ley Seca (Audio)",Jhayco,Latin,,,,,,,,,,,,,,,,,
Mami Chula (Official Video),Jhayco,Latin,,,,,,,,,,,,,,,,,
No Me Conoce (Remix) [feat. J. Balvin & Bad Bunny],Jhayco,Latin,,,,,,,,,,,,,,,,,
Holanda (CK Intro - Dirty),Jhayco,Latin,,,,,,,,,,,,,,,,,
"Costear (Equipo Rojo Remix) (con Bryant Myers, Rauw Alejandro, Justin Quiles y Lyanno)",Jhayco,Latin,,,,,,,,,,,,,,,,,
Guatauba (Regueton Viejo),Jhayco,Latin,,,,,,,,,,,,,,,,,
911,Jhayco,Latin,,,,,,,,,,,,,,,,,
dilema (kotrina edit),Jhayco,Latin,,,,,,,,,,,,,,,,,
Subiendo de Nivel  [Remix],Jhayco,Latin,,,,,,,,,,,,,,,,,
"Jhayco, Peso Pluma - Ex-Special (Official Video)",Jhayco,Latin,,,,,,,,,,,,,,,,,
Subiendo de Nivel (Remix feat. Myke Towers),Jhayco,Latin,,,,,,,,,,,,,,,,,
Ex-Special (Official Video),Jhayco,Latin,,,,,,,,,,,,,,,,,
o Como Se Siente,Jhayco,Latin,,,,,,,,,,,,,,,,,
Mami chula (ft. Quevedo),Jhayco,Latin,,,,,,,,,,,,,,,,,
Extraño Tu Olor,Jhayco,Latin,,,,,,,,,,,,,,,,,
Holanda (Instrumental),Jhayco,Latin,,,,,,,,,,,,,,,,,
"Costear (Equipo Negro Remix) (con Álvaro Díaz, Brray, Rafa Pabon y Lunay)",Jhayco,Latin,,,,,,,,,,,,,,,,,
Mi Vicio (Audio),Jhayco,Latin,,,,,,,,,,,,,,,,,
Jhayco - Apaga Las Luces,Jhayco,Latin,,,,,,,,,,,,,,,,,
Se Supone - RMX,Jhayco,Latin,,,,,,,,,,,,,,,,,
"Jhayco, Darell, Ñengo Flow - Se Supone (RMX) ft. Almighty, Miky Woodz, Myke Towers",Jhayco,Latin,,,,,,,,,,,,,,,,,
Cuando te asaltan y estas bien preparado,Jhayco,Latin,,,,,,,,,,,,,,,,,
Mi Vicio (Audio),Jhayco,Latin,,,,,,,,,,,,,,,,,
Pitizion et autres artistes,Jhayco,Latin,,,,,,,,,,,,,,,,,
Tarot,Jhayco,Latin,,,,,,,,,,,,,,,,,
Jhayco - Apaga Las Luces,Jhayco,Latin,,,,,,,,,,,,,,,,,
Jhay Cortez - Kobe En LA,Jhayco,Latin,,,,,,,,,,,,,,,,,
Sativa,Jhené Aiko,USUK,https://www.youtube.com/watch?v=5x-d3pabd5o,https://open.spotify.com/track/12BUxSYdNrwVpuZrFopafU,,330950951,1520597,,,,,,,,,,,,
The Worst,Jhené Aiko,USUK,https://www.youtube.com/watch?v=oEm3lY3trRU,https://open.spotify.com/track/2wBCrtJS3E3TimRZ5MElTI,,179221965,1157057,,,,,,,,,,,,
While We're Young,Jhené Aiko,USUK,https://www.youtube.com/watch?v=LjvwRSKVQNs,https://open.spotify.com/track/3fp60sqbpa4unA3Lhtc0Iq,,76761545,676641,,,,,,,,,,,,
B.S. (feat. H.E.R.),Jhené Aiko,USUK,https://www.youtube.com/watch?v=DsR2d6EMLdw,https://open.spotify.com/track/63wx9vdskaXbYxyDx4oJCZ,,18495603,261286,,,,,,,,,,,,
Stay Ready (What a Life),Jhené Aiko,USUK,https://www.youtube.com/watch?v=z0QsZ7B_Lvc,https://open.spotify.com/track/1YsDIQTrvefAQSb1KckKo4,,17929854,136129,,,,,,,,,,,,
P*$$Y Fairy (OTW),Jhené Aiko,USUK,https://www.youtube.com/watch?v=wy2ujCUtCHU,https://open.spotify.com/track/0e5mjBv0rtWIHtLgkABA29,,116687447,881022,,,,,,,,,,,,
Bed Peace,Jhené Aiko,USUK,https://www.youtube.com/watch?v=UoIpx1ZxFeM,https://open.spotify.com/track/219lFp8iAtWgAyfa8a2ZmE,,55852295,407555,,,,,,,,,,,,
Triggered (Freestyle),Jhené Aiko,USUK,https://www.youtube.com/watch?v=t3aHdZfJckg,https://open.spotify.com/track/31mYQ7yMSOGmHS9g1BqVu5,,92870411,747010,,,,,,,,,,,,
Blue Dream,Jhené Aiko,USUK,https://www.youtube.com/watch?v=es3Fm7dLm2o,https://open.spotify.com/track/2eMNYfs1g7kVFRuMrSbVpL,,8265982,54858,,,,,,,,,,,,
Never Call Me,Jhené Aiko,USUK,https://www.youtube.com/watch?v=fiMgxwWlH_g,https://open.spotify.com/track/0WXct4PcELq8Jh1R4Yhw4W,,4211224,110938,,,,,,,,,,,,
None of Your Concern (feat. Big Sean),Jhené Aiko,USUK,https://www.youtube.com/watch?v=PmeRjrz8KVw,https://open.spotify.com/track/75MSZRbAbQuzfUV3Pefvut,,83087500,666357,,,,,,,,,,,,
Happiness Over Everything (H.O.E.) (feat. Future & Miguel),Jhené Aiko,USUK,https://www.youtube.com/watch?v=xVfddViugYQ,https://open.spotify.com/track/3Wol2exesJNRrj6hGZ6R8s,,22073438,251794,,,,,,,,,,,,
Eternal Sunshine,Jhené Aiko,USUK,https://www.youtube.com/watch?v=U930cmnHg8s,https://open.spotify.com/track/0sICXtnpKm2Fnse6MAS8nH,,3565926,34209,,,,,,,,,,,,
On the Way (feat. Mila J),Jhené Aiko,USUK,https://www.youtube.com/watch?v=FhNUzYHyzJM,https://open.spotify.com/track/423NhOTzoqgeaIJbrUzSoo,,29037962,202956,,,,,,,,,,,,
Spotless Mind,Jhené Aiko,USUK,https://www.youtube.com/watch?v=BaF-pGyKaOg,https://open.spotify.com/track/1q63LyBeWWvxHe7Ha3ZBTy,,36198730,249132,,,,,,,,,,,,
Stranger,Jhené Aiko,USUK,https://www.youtube.com/watch?v=-lq6zA5Od_s,https://open.spotify.com/track/0DZPRNDqpcBjgypckR4g8W,,209015,2090,,,,,,,,,,,,
Tryna Smoke,Jhené Aiko,USUK,https://www.youtube.com/watch?v=mEiH7aAnUjs,https://open.spotify.com/track/3inXU94HgnR8Y9cwYaHVsz,,5959298,49974,,,,,,,,,,,,
Moments,Jhené Aiko,USUK,https://www.youtube.com/watch?v=4XlxoQoiYYg,https://open.spotify.com/track/2nvmHk4JnsZ94mygliLsou,,10231742,68315,,,,,,,,,,,,
Promises,Jhené Aiko,USUK,https://www.youtube.com/watch?v=A-H_6lVEnL0,https://open.spotify.com/track/05JpxKwud52Qag8wB7Z8nS,,22107058,167571,,,,,,,,,,,,
The Pressure,Jhené Aiko,USUK,https://www.youtube.com/watch?v=00bumpN0Mhw,https://open.spotify.com/track/0f1mEP3zj1qOx4ECqUCuIa,,19149878,133126,,,,,,,,,,,,
W.A.Y.S.,Jhené Aiko,USUK,https://www.youtube.com/watch?v=XMk1nmCyWFE,https://open.spotify.com/track/01NNPKSwGfWEQz83uTMKzt,,904388,4952,,,,,,,,,,,,
Comfort Inn Ending (Freestyle),Jhené Aiko,USUK,https://www.youtube.com/watch?v=k8tzfpeyPzw,https://open.spotify.com/track/03mfJFcTsxfldb0DPI4ygj,,59828800,361811,,,,,,,,,,,,
3:16am,Jhené Aiko,USUK,https://www.youtube.com/watch?v=0pWgLPOgwNc,https://open.spotify.com/track/21kOqnRYzuVHo2vahEcZyK,,16196591,122520,,,,,,,,,,,,
Lotus - intro,Jhené Aiko,USUK,https://www.youtube.com/watch?v=qeT73G4dhr0,https://open.spotify.com/track/1aWBNkWrY3VA2eeV6ljGQf,,2423465,19623,,,,,,,,,,,,
The Vapors,Jhené Aiko,USUK,https://www.youtube.com/watch?v=07fLXPD1kDw,https://open.spotify.com/track/0bfafk4rBizsNIsGiZDzXp,,2624711,34883,,,,,,,,,,,,
When We Love,Jhené Aiko,USUK,https://www.youtube.com/watch?v=ihY0NNK9wzI,https://open.spotify.com/track/4Kcs1b9kipgmmrBz78vcbJ,,13230321,71267,,,,,,,,,,,,
LSD,Jhené Aiko,USUK,https://www.youtube.com/watch?v=PtiXC4YLUmU,https://open.spotify.com/track/0mbVQXmvMlzgWw8M22efVS,,2612170,16038,,,,,,,,,,,,
Pray for You,Jhené Aiko,USUK,https://www.youtube.com/watch?v=mFOH6UK0Ap8,https://open.spotify.com/track/0pIeBRcu1BeThAwGdQRwL3,,4025829,45110,,,,,,,,,,,,
Speak,Jhené Aiko,USUK,https://www.youtube.com/watch?v=EOWvbD2lPzI,https://open.spotify.com/track/0JzwzY6LJvC04TzoJNcoVR,,4138189,98275,,,,,,,,,,,,
Lyin King,Jhené Aiko,USUK,https://www.youtube.com/watch?v=KOhuP8Gbp2s,https://open.spotify.com/track/0wVcktPFo17QEwKcqreWjP,,975167,5249,,,,,,,,,,,,
None of Your Concern,Jhené Aiko,USUK,https://www.youtube.com/watch?v=PmeRjrz8KVw,https://open.spotify.com/track/1nal3Tf1OCV53KigMZXsZ7,,83087500,666357,,,,,,,,,,,,
New Balance,Jhené Aiko,USUK,https://www.youtube.com/watch?v=l9TDhox8vPg,https://open.spotify.com/track/0PYmO55JPwEWgtyJbkN6mq,,7857809,55648,,,,,,,,,,,,
10k Hours (feat. Nas),Jhené Aiko,USUK,https://www.youtube.com/watch?v=UUditTGPLOI,https://open.spotify.com/track/22yqjMigmDx69Ev9yqhtFK,,4000935,79239,,,,,,,,,,,,
Born Tired,Jhené Aiko,USUK,https://www.youtube.com/watch?v=7ZdBONlm7-0,https://open.spotify.com/track/6Nizh978x4cQvEeK92gU5b,,3957374,74866,,,,,,,,,,,,
To Love & Die,Jhené Aiko,USUK,https://www.youtube.com/watch?v=Zditq9uAmy4,https://open.spotify.com/track/0KGJ9r3hNDq316XlvJ97Ma,,88350,1476,,,,,,,,,,,,
Summer 2020,Jhené Aiko,USUK,https://www.youtube.com/watch?v=fyvf9jNPTHM,https://open.spotify.com/track/0t2q2c43AATY4z1GI883Be,,7667942,137856,,,,,,,,,,,,
Triggered - Remix,Jhené Aiko,USUK,https://www.youtube.com/watch?v=NQTiXxFOgGA,https://open.spotify.com/track/1vXFnAO7zu7n0ErcJmGLZF,,7123510,81464,,,,,,,,,,,,
Wading,Jhené Aiko,USUK,https://www.youtube.com/watch?v=EYS-zFrcD_A,https://open.spotify.com/track/0tCRGXoDjwXZWkqkn3eF0f,,25896624,178088,,,,,,,,,,,,
living room flow - Bonus,Jhené Aiko,USUK,https://www.youtube.com/watch?v=9usFmiEE4BY,https://open.spotify.com/track/0nna3me56w0cZVhCahB4T2,,26749815,83807,,,,,,,,,,,,
Jukai,Jhené Aiko,USUK,https://www.youtube.com/watch?v=-Vowb5dcQmw,https://open.spotify.com/track/4dwNcnCoPnz1x83AWu1kAa,,2988077,21445,,,,,,,,,,,,
One Way St. (feat. Ab-Soul),Jhené Aiko,USUK,https://www.youtube.com/watch?v=I93gCmN6LTY,https://open.spotify.com/track/1t5hp0U9DStBoYt9d3gCPj,,1095784,12876,,,,,,,,,,,,
Magic Hour,Jhené Aiko,USUK,https://www.youtube.com/watch?v=3idkqV6-jrA,https://open.spotify.com/track/6qXswoKgNBj0uLEKyzhlLW,,1422478,16861,,,,,,,,,,,,
WTH,Jhené Aiko,USUK,https://www.youtube.com/watch?v=KarTM1MIOCE,https://open.spotify.com/track/02VZKK8g7mx2d5Z0wE9eQL,,1760408,13259,,,,,,,,,,,,
Lightning & Thunder (feat. John Legend),Jhené Aiko,USUK,https://www.youtube.com/watch?v=Ny7GKnU0yvQ,https://open.spotify.com/track/5EmmYFb5EijSotAY26caM7,,7590816,51461,,,,,,,,,,,,
Back to the Streets (feat. Jhené Aiko),Jhené Aiko,USUK,https://www.youtube.com/watch?v=n7JigFZ-iZQ,https://open.spotify.com/track/0mKojbEMHYtJr58TmTKjZ2,,40702599,560577,,,,,,,,,,,,
Lead the Way,Jhené Aiko,USUK,https://www.youtube.com/watch?v=K08o44cr3ww,https://open.spotify.com/track/2Vqbniz8jYoZPvecpdVPq9,,13879244,272232,,,,,,,,,,,,
Surrender (feat. Dr. Chill),Jhené Aiko,USUK,https://www.youtube.com/watch?v=qwyrvolfa3I,https://open.spotify.com/track/51YnxSnTRXvue6TTawUBZI,,3224461,28647,,,,,,,,,,,,
Love,Jhené Aiko,USUK,https://www.youtube.com/watch?v=2iAmEMbiwVI,https://open.spotify.com/track/00Md5izO4UQme3QtSiiZ80,,2512335,30207,,,,,,,,,,,,
Never Call Me (feat. YG) - Remix,Jhené Aiko,USUK,https://www.youtube.com/watch?v=YpGiCAbhCRc,,,1001512,22984,,,,,,,,,,,,
Mourning Doves,Jhené Aiko,USUK,https://www.youtube.com/watch?v=CKxGuUkoSlU,https://open.spotify.com/track/1F8VALoA8PxpDDZhHPORD2,,1580712,16915,,,,,,,,,,,,
Limbo Limbo Limbo,Jhené Aiko,USUK,https://www.youtube.com/watch?v=3UQahplNiS8,https://open.spotify.com/track/03nWbproiNUhka163m5tKG,,692769,3707,,,,,,,,,,,,
Summer 2020 - interlude,Jhené Aiko,USUK,https://www.youtube.com/watch?v=11VL_WgqM28,https://open.spotify.com/track/61A3iFvqsEPmnwAtsbwRJL,,985754,10956,,,,,,,,,,,,
Nobody,Jhené Aiko,USUK,https://www.youtube.com/watch?v=M8F-H3M3ttw,https://open.spotify.com/track/4aCTr0VFCnqtqqJgof5Oly,,4413437,32443,,,,,,,,,,,,
Define Me - interlude,Jhené Aiko,USUK,https://www.youtube.com/watch?v=bT237MdWZvs,https://open.spotify.com/track/1lXhfXGzzU2kFlGhaalfjF,,1184413,9701,,,,,,,,,,,,
OLLA (Only Lovers Left Alive),Jhené Aiko,USUK,https://www.youtube.com/watch?v=HoFBrF8-Yc0,https://open.spotify.com/track/0PFMKAmiq8vjL3ZRipKFsK,,1395907,8937,,,,,,,,,,,,
calm & patient,Jhené Aiko,USUK,https://www.youtube.com/watch?v=It2BITBY3PM,https://open.spotify.com/track/5FxKXIwFBKb2eWSwJ523sp,,2011400,36652,,,,,,,,,,,,
Remember,Jhené Aiko,USUK,https://www.youtube.com/watch?v=NB3GMWbjFAs,https://open.spotify.com/track/0OptNQiN8MNRRbb1ySiStk,,1053546,6428,,,,,,,,,,,,
Above and Beyond,Jhené Aiko,USUK,https://www.youtube.com/watch?v=8vLj6PawOPg,https://open.spotify.com/track/2p5QtNGyfnT5MhQex3WOte,,6272244,42689,,,,,,,,,,,,
It's Cool,Jhené Aiko,USUK,https://www.youtube.com/watch?v=Qn1i0VirWxg,https://open.spotify.com/track/2EHNv3cGRcxDx1tmG4PVw6,,1721662,9378,,,,,,,,,,,,
My Mine,Jhené Aiko,USUK,https://www.youtube.com/watch?v=_AdZBgpxnKo,https://open.spotify.com/track/183dr68mfHbDB6ImgcrwRq,,159906,1254,,,,,,,,,,,,
You Are Here,Jhené Aiko,USUK,https://www.youtube.com/watch?v=h5GyaW1Kzgs,https://open.spotify.com/track/4hMxhCoJilTNMsaoluQu9R,,2814003,19041,,,,,,,,,,,,
Overstimulated,Jhené Aiko,USUK,https://www.youtube.com/watch?v=tvc163EHZbE,https://open.spotify.com/track/4fDwxcARynpEusoXK8jAem,,5054419,32509,,,,,,,,,,,,
Party for Me,Jhené Aiko,USUK,https://www.youtube.com/watch?v=SZzwO-ENXeA,https://open.spotify.com/track/2R04DTjM4B12c4pTsviEg9,,1870260,23301,,,,,,,,,,,,
Frequency,Jhené Aiko,USUK,https://www.youtube.com/watch?v=Qsmq9x0uVX4,https://open.spotify.com/track/5KpkAioxS09hol3vQASIKp,,4305251,33571,,,,,,,,,,,,
Psilocybin (Love in Full Effect),Jhené Aiko,USUK,https://www.youtube.com/watch?v=-BbGvFf94V4,https://open.spotify.com/track/5muaUfAfSc1wbEuxR6toxj,,10826665,48037,,,,,,,,,,,,
Brave,Jhené Aiko,USUK,https://www.youtube.com/watch?v=0paO14gvFAk,https://open.spotify.com/track/1dKgNwBf5kGwxaGH0tVmrl,,1435412,10974,,,,,,,,,,,,
Newer Balance - Freestyle,Jhené Aiko,USUK,https://www.youtube.com/watch?v=AG3v9933ZIw,https://open.spotify.com/track/1e9uMshfSKzgdpfrPdZLiv,,790085,5168,,,,,,,,,,,,
Maniac,Jhené Aiko,USUK,https://www.youtube.com/watch?v=CJiweLvuAK0,https://open.spotify.com/track/1i0lSglyW6FKjGcGyyp8Cj,,912593,21109,,,,,,,,,,,,
Wasted Love Freestyle,Jhené Aiko,USUK,https://www.youtube.com/watch?v=TZ0PMlzypvY,https://open.spotify.com/track/1zsxlqBfktCpTXK9CjUpyW,,10423679,88669,,,,,,,,,,,,
Sing to Me,Jhené Aiko,USUK,https://www.youtube.com/watch?v=Ln31QeUseP4,https://open.spotify.com/track/6QbM2D1CI7cbt6c8G1d3EL,,3491570,49971,,,,,,,,,,,,
Hello Ego,Jhené Aiko,USUK,https://www.youtube.com/watch?v=rEc3qrIo1Os,https://open.spotify.com/track/2kt06ZsD735FYBZO8yAAQs,,4643606,75322,,,,,,,,,,,,
Wrap Me Up,Jhené Aiko,USUK,https://www.youtube.com/watch?v=_oY4sy8HE6w,https://open.spotify.com/track/1RtVREAhqwLLN4QI6bzvQe,,1156993,46264,,,,,,,,,,,,
Ascension,Jhené Aiko,USUK,https://www.youtube.com/watch?v=s6Kd2f5zykM,https://open.spotify.com/track/4PdxJc9J12zF8cFgdH5tik,,1713121,16474,,,,,,,,,,,,
Pretty Bird (Freestyle),Jhené Aiko,USUK,https://www.youtube.com/watch?v=UCnvRnCoGYU,https://open.spotify.com/track/0orABE1PIuFDeifhpC1rjR,,1945702,14047,,,,,,,,,,,,
Oblivion (Creation),Jhené Aiko,USUK,https://www.youtube.com/watch?v=9gi4lmcgI4k,,,2851064,18915,,,,,,,,,,,,
Trip,Jhené Aiko,USUK,https://www.youtube.com/watch?v=V_q8r9xt8PU,https://open.spotify.com/track/0ShtJHFyIDql6ZbbhJwf6Q,,1400447,12201,,,,,,,,,,,,
Bad Trip - Interlude,Jhené Aiko,USUK,https://www.youtube.com/watch?v=o4os5TXo6Vk,https://open.spotify.com/track/2ojmwHSbnnAokGyYfisXDl,,2425255,,,,,,,,,,,,,
Keep Ya Head Up - Recorded at Spotify Studios NYC,Jhené Aiko,USUK,https://www.youtube.com/watch?v=mC7zLfpdTWY,https://open.spotify.com/track/74sfJjVq74bYkxMQoOhH3r,,47891,2182,,,,,,,,,,,,
Hoe (Feat. Miguel),Jhené Aiko,USUK,https://www.youtube.com/watch?v=HbYLwtRpag4,https://open.spotify.com/track/4v2AdwK5xJneq1RosH0JJS,,674632,11567,,,,,,,,,,,,
Come On,Jhené Aiko,USUK,https://www.youtube.com/watch?v=yI6J8MdUqeo,https://open.spotify.com/track/4o3BlVXqXEQaP5h1Ds0xfy,,2516320,31676,,,,,,,,,,,,
Sativa - Recorded at Spotify Studios NYC,Jhené Aiko,USUK,,https://open.spotify.com/track/1OfUOufSXTjhUm5gK33uVN,,,,,,,,,,,,,,,
Mystic Journey - Freestyle,Jhené Aiko,USUK,https://www.youtube.com/watch?v=obv3Q7eW9Vc,https://open.spotify.com/track/53CcgiXmHNAEgsZ16bvQ9n,,406040,3269,,,,,,,,,,,,
B.S. (feat. Kehlani) - Remix,Jhené Aiko,USUK,https://www.youtube.com/watch?v=zy93g13y3Og,https://open.spotify.com/track/5wsHLrhch5EIS6nsgld6y2,,1913754,43812,,,,,,,,,,,,
Trigger Protection Mantra,Jhené Aiko,USUK,https://www.youtube.com/watch?v=vkJGa0eaktE,,,3733397,136027,,,,,,,,,,,,
Higher,Jhené Aiko,USUK,https://www.youtube.com/watch?v=UWOVFaISQPE,https://open.spotify.com/track/3a4Kb8Ew2alL4YcO3pmqWk,,110939,828,,,,,,,,,,,,
Picture Perfect - Freestyle,Jhené Aiko,USUK,https://www.youtube.com/watch?v=6CAfMUnpAC4,https://open.spotify.com/track/01RDEYV52M6CFv9xqgl0D7,,652616,6229,,,,,,,,,,,,
You vs Them,Jhené Aiko,USUK,https://www.youtube.com/watch?v=ct83DbdrGxc,https://open.spotify.com/track/5H7lSPwbBJh4So3P2majjo,,135811,1090,,,,,,,,,,,,
Bed Peace (feat. Childish Gambino),Jhené Aiko,USUK,https://www.youtube.com/watch?v=UoIpx1ZxFeM,,,55852295,407555,,,,,,,,,,,,
Sativa (feat. Swae Lee),Jhené Aiko,USUK,https://www.youtube.com/watch?v=3tnb2o-cV_0,https://open.spotify.com/track/2pg2TiYo9Rb8KeB5JjP7jS,,43771146,265480,,,,,,,,,,,,
Do Better Blues (feat. HOPE),Jhené Aiko,USUK,https://www.youtube.com/watch?v=7y8_3y8nZRA,https://open.spotify.com/track/4slDDMAoLgYKvEpiUAUEQI,,421910,7469,,,,,,,,,,,,
Popular,Jhené Aiko,USUK,https://www.youtube.com/watch?v=nZqldd5154Q,https://open.spotify.com/track/2uxlxsN6IO6s3OLbrMaZpa,,95988,343,,,,,,,,,,,,
All Good,Jhené Aiko,USUK,https://www.youtube.com/watch?v=8YmSeLRLYTE,https://open.spotify.com/track/1hqjVx6sZfQSp7QcMjCuZR,,1435778,20793,,,,,,,,,,,,
Space Jam,Jhené Aiko,USUK,https://www.youtube.com/watch?v=Ir6lvXa4LY0,https://open.spotify.com/track/5yqqYmSuCgtMfI93s678Ro,,82576,463,,,,,,,,,,,,
Down Again (feat. Wiz Khalifa),Jhené Aiko,USUK,https://www.youtube.com/watch?v=6TkNxYMCskA,https://open.spotify.com/track/4eYG3dbR174o9ZGgYTMdNY,,503819,10198,,,,,,,,,,,,
Stay Ready (What A Life) [feat. Kendrick Lamar],Jhené Aiko,USUK,https://www.youtube.com/watch?v=z0QsZ7B_Lvc,,,17929854,136129,,,,,,,,,,,,
Sailing Not Selling,Jhené Aiko,USUK,https://www.youtube.com/watch?v=gmOekEmg_Bc,https://open.spotify.com/track/1C24o8Z3XDHeaXvhtLfrVu,,27857,198,,,,,,,,,,,,
Above and Beyond - piano,Jhené Aiko,USUK,https://www.youtube.com/watch?v=VHahslXG5g8,https://open.spotify.com/track/1gftJ3Unmbddv6w5tmdTge,,989527,13803,,,,,,,,,,,,
Tryna Smoke (feat. Chris Brown & Snoop Dogg) - Remix,Jhené Aiko,USUK,https://www.youtube.com/watch?v=0UCqIAT9odQ,https://open.spotify.com/track/20aFFCP7UcwViYhgkRTOg5,,1677147,37408,,,,,,,,,,,,
The Vapors (feat. Vince Staples),Jhené Aiko,USUK,https://www.youtube.com/watch?v=07fLXPD1kDw,https://open.spotify.com/track/7mnJgJhtuBEMRNoERn1OOa,,2624711,34883,,,,,,,,,,,,
3:16 am,Jhené Aiko,USUK,,,,,,,,,,,,,,,,,
WTH (feat. Ab-Soul),Jhené Aiko,USUK,https://www.youtube.com/watch?v=-G6PzH-fvBA,https://open.spotify.com/track/1kuNRcIImZO3vGTBAwSN06,,1490034,21890,,,,,,,,,,,,
2 seconds - Bonus,Jhené Aiko,USUK,https://www.youtube.com/watch?v=GhHkOJl6UMw,https://open.spotify.com/track/4WQLo9CML4DByBqodupa5w,,531049,8978,,,,,,,,,,,,
Drinking and Driving,Jhené Aiko,USUK,https://www.youtube.com/watch?v=S7reYsEWKJs,https://open.spotify.com/track/0Pqhmorp1xhWktmoEKTllB,,548999,3462,,,,,,,,,,,,
mirrors - Bonus,Jhené Aiko,USUK,https://www.youtube.com/watch?v=cprAoOPiXqY,https://open.spotify.com/track/1NuxzYzylm7WFYcOZMAIin,,3673493,42727,,,,,,,,,,,,
"real now (feat. Dominik, HOPE & K. Roosevelt)",Jhené Aiko,USUK,https://www.youtube.com/watch?v=GfQIL-bOweQ,https://open.spotify.com/track/1xvuIeLviq42p0b2x338Oq,,220438,2971,,,,,,,,,,,,
alive & well (gratitude mantra),Jhené Aiko,USUK,https://www.youtube.com/watch?v=phskp62LPVc,https://open.spotify.com/track/3kj3IPfPnpFw5RBoJqlEDe,,592881,20583,,,,,,,,,,,,
B's & H's - Bonus,Jhené Aiko,USUK,https://www.youtube.com/watch?v=fruD0ePcpuU,https://open.spotify.com/track/7fBvJhrn2OHyGNjBNBml69,,9467620,118764,,,,,,,,,,,,
Lotus (Intro),Jhené Aiko,USUK,https://www.youtube.com/watch?v=qeT73G4dhr0,https://open.spotify.com/track/3C3NcdzgSR7d3T08nQArH8,,2423465,19623,,,,,,,,,,,,
To Love & Die (feat. Cocaine 80s),Jhené Aiko,USUK,https://www.youtube.com/watch?v=EtPq5G2sKNk,https://open.spotify.com/track/0Y3WxAtzSta8OyujksZhPN,,564365,14781,,,,,,,,,,,,
Bed Peace ( Feat. Childish Gambino ),Jhené Aiko,USUK,,,,,,,,,,,,,,,,,
Happiness Over Everything (H.O.E.) [feat. Future & Miguel],Jhené Aiko,USUK,https://www.youtube.com/watch?v=xVfddViugYQ,https://open.spotify.com/track/3WY0weDaG2IHLloobhLkiD,,22073438,251794,,,,,,,,,,,,
snapped - Bonus,Jhené Aiko,USUK,https://www.youtube.com/watch?v=STIxztIo3KU,https://open.spotify.com/track/03FROI1brIv4f2NqNWSP8d,,291080,4284,,,,,,,,,,,,
Never Call Me (feat. Kurupt),Jhené Aiko,USUK,https://www.youtube.com/watch?v=Ha7hj_rYUF0,https://open.spotify.com/track/0WXct4PcELq8Jh1R4Yhw4W,,5813457,53378,,,,,,,,,,,,
Moments (feat. Big Sean),Jhené Aiko,USUK,https://www.youtube.com/watch?v=4XlxoQoiYYg,https://open.spotify.com/track/2nvmHk4JnsZ94mygliLsou,,10231742,68315,,,,,,,,,,,,
Triggered - Dance Mix,Jhené Aiko,USUK,https://www.youtube.com/watch?v=IOzafkLTQM0,https://open.spotify.com/track/2SuoijtB0vkaXakZ0zgw6h,,138457,4129,,,,,,,,,,,,
July (Feat. Drake),Jhené Aiko,USUK,,,,,,,,,,,,,,,,,
"In a World of My Own/Very Good Advice - From ""Alice in Wonderland""",Jhené Aiko,USUK,https://www.youtube.com/watch?v=tfecRjtdkio,https://open.spotify.com/track/0I4eJsePdwR09KC8ELDVvU,,182621,1585,,,,,,,,,,,,
Promises (feat. Namiko & Miyagi),Jhené Aiko,USUK,https://www.youtube.com/watch?v=A-H_6lVEnL0,https://open.spotify.com/track/4ThyHM57HG7pnLudis9b0M,,22107058,167571,,,,,,,,,,,,
Define Me (Interlude),Jhené Aiko,USUK,https://www.youtube.com/watch?v=bT237MdWZvs,,,1184408,9701,,,,,,,,,,,,
Stay Ready (What A Life) (feat. Kendrick Lamar),Jhené Aiko,USUK,,,,,,,,,,,,,,,,,
Summer 2020 (Interlude),Jhené Aiko,USUK,https://www.youtube.com/watch?v=11VL_WgqM28,https://open.spotify.com/track/1wKwQdV3A1rllcQfWLzZdZ,,985754,10956,,,,,,,,,,,,
Living Room Flow,Jhené Aiko,USUK,https://www.youtube.com/watch?v=8Hlum5XkZqQ,,,,,,,,,,,,,,,,
Newer Balance (Freestyle),Jhené Aiko,USUK,https://www.youtube.com/watch?v=AG3v9933ZIw,https://open.spotify.com/track/1LJdXxqYLqC1hP7dqawFBS,,790085,5168,,,,,,,,,,,,
B.S.,Jhené Aiko,USUK,https://www.youtube.com/watch?v=tXZ_B8Amy00,,,71297567,436288,,,,,,,,,,,,
My Afternoon Dream,Jhené Aiko,USUK,https://www.youtube.com/watch?v=7hZFYnjtvgk,https://open.spotify.com/track/7FBqaMA7t9j3Fwqw5MoFjV,,,,,,,,,,,,,,,
OLLA (Only Lovers Left Alive) [feat. TWENTY88],Jhené Aiko,USUK,https://www.youtube.com/watch?v=HoFBrF8-Yc0,,,1395907,8937,,,,,,,,,,,,
You vs. Them,Jhené Aiko,USUK,,,,,,,,,,,,,,,,,
Tryna Smoke (feat. MicahFoneCheck),Jhené Aiko,USUK,https://www.youtube.com/watch?v=mEiH7aAnUjs,https://open.spotify.com/track/4CqSF73VXQcpDTXsCy97CV,,5959298,49974,,,,,,,,,,,,
Bad Trip (Interlude),Jhené Aiko,USUK,https://www.youtube.com/watch?v=2HYe8MtjEbI,https://open.spotify.com/track/2ojmwHSbnnAokGyYfisXDl,,744632,5243,,,,,,,,,,,,
Mystic Journey (Freestyle),Jhené Aiko,USUK,,https://open.spotify.com/track/6NUW99yrBN833ABDjII55W,,,,,,,,,,,,,,,
Sativa (feat. Rae Sremmurd),Jhené Aiko,USUK,https://www.youtube.com/watch?v=5x-d3pabd5o,,,330951738,1520597,,,,,,,,,,,,
Vote - as featured on ABC’s black-ish,Jhené Aiko,USUK,https://www.youtube.com/watch?v=JRrE1d7M3tI,https://open.spotify.com/track/3kHRVMeCVl431c83LhRm9v,,248922,11004,,,,,,,,,,,,
By Yourself (feat. Jhené Aiko & Mustard),Jhené Aiko,USUK,https://www.youtube.com/watch?v=LFNhwwfrKn4,https://open.spotify.com/track/3gNahxsvbeTHpg3wixXQqM,,8372305,126241,,,,,,,,,,,,
sailing NOT selling (feat. Kanye),Jhené Aiko,USUK,,,,,,,,,,,,,,,,,
Lotus,Jhené Aiko,USUK,,,,,,,,,,,,,,,,,
Picture Perfect (Freestyle),Jhené Aiko,USUK,,https://open.spotify.com/track/01RDEYV52M6CFv9xqgl0D7,,,,,,,,,,,,,,,
Party for Me (feat. Ty Dolla $ign),Jhené Aiko,USUK,https://www.youtube.com/watch?v=SZzwO-ENXeA,https://open.spotify.com/track/48lNiJEM4eEhSIn4Vf80Xd,,1870260,23301,,,,,,,,,,,,
Ascension (feat. Brandy),Jhené Aiko,USUK,https://www.youtube.com/watch?v=s6Kd2f5zykM,https://open.spotify.com/track/4PdxJc9J12zF8cFgdH5tik,,1713121,16474,,,,,,,,,,,,
"growing apart too (feat. Kendrick Lamar, HOPE)",Jhené Aiko,USUK,,,,,,,,,,,,,,,,,
No L.O.V.E.,Jhené Aiko,USUK,https://www.youtube.com/watch?v=KWfMi9EpjHo,https://open.spotify.com/track/7MfcAXFcVRz4gt0iwUnokf,,20152,799,,,,,,,,,,,,
Sing to Me (feat. Namiko Love),Jhené Aiko,USUK,,https://open.spotify.com/track/6QbM2D1CI7cbt6c8G1d3EL,,,,,,,,,,,,,,,
Do Better Blues (with Hope),Jhené Aiko,USUK,,,,,,,,,,,,,,,,,
"real now (feat. Lite, HOPE, Roosevelt)",Jhené Aiko,USUK,,,,,,,,,,,,,,,,,
Trip (feat. Mali Music),Jhené Aiko,USUK,https://www.youtube.com/watch?v=V_q8r9xt8PU,https://open.spotify.com/track/0ShtJHFyIDql6ZbbhJwf6Q,,1400447,12201,,,,,,,,,,,,
Psilocybin (Love in Full Effect) [feat. Dr. Chill],Jhené Aiko,USUK,https://www.youtube.com/watch?v=-BbGvFf94V4,,,10826665,48037,,,,,,,,,,,,
Oblivion (Creation) [feat. Dr. Chill],Jhené Aiko,USUK,,,,,,,,,,,,,,,,,
B.S. (Remix) [feat. Kehlani],Jhené Aiko,USUK,https://www.youtube.com/watch?v=zy93g13y3Og,https://open.spotify.com/track/5wsHLrhch5EIS6nsgld6y2,,1913759,43812,,,,,,,,,,,,
The Worst (Explicit),Jhené Aiko,USUK,,,,,,,,,,,,,,,,,
Mirrors,Jhené Aiko,USUK,https://www.youtube.com/watch?v=cprAoOPiXqY,,,3673493,42727,,,,,,,,,,,,
living room flow (Bonus),Jhené Aiko,USUK,,,,,,,,,,,,,,,,,
From Time,Jhené Aiko,USUK,,,,,,,,,,,,,,,,,
Drinking & Driving,Jhené Aiko,USUK,,,,,,,,,,,,,,,,,
Above And Beyond (piano),Jhené Aiko,USUK,https://www.youtube.com/watch?v=VHahslXG5g8,https://open.spotify.com/track/1gftJ3Unmbddv6w5tmdTge,,989527,13803,,,,,,,,,,,,
Happiness Over Everything (H.O.E.),Jhené Aiko,USUK,https://www.youtube.com/watch?v=xVfddViugYQ,,,22073438,251794,,,,,,,,,,,,
Sativa ft. Rae Sremmurd,Jhené Aiko,USUK,,,,,,,,,,,,,,,,,
Party For Me - West Coast Version,Jhené Aiko,USUK,https://www.youtube.com/watch?v=SZzwO-ENXeA,,,1870260,23301,,,,,,,,,,,,
2 Seconds,Jhené Aiko,USUK,https://www.youtube.com/watch?v=DREkQjsQnJU,,,901978,4466,,,,,,,,,,,,
Bed Peace (Explicit) ft. Childish Gambino,Jhené Aiko,USUK,,,,,,,,,,,,,,,,,
JHENE AIKO,Jhené Aiko,USUK,,,,,,,,,,,,,,,,,
Define Me,Jhené Aiko,USUK,,,,,,,,,,,,,,,,,
Sailing Not Selling (feat. Kanye West),Jhené Aiko,USUK,,,,,,,,,,,,,,,,,
Do Better Blues feat H.O.P.E.,Jhené Aiko,USUK,,,,,,,,,,,,,,,,,
To Love & Die Feat. Cocaine 80s,Jhené Aiko,USUK,,,,,,,,,,,,,,,,,
Growing Apart Too feat. Kendrick Lamar & H.O.P.E.,Jhené Aiko,USUK,,,,,,,,,,,,,,,,,
Stay Ready (What a Life) feat. Kendrick Lamar,Jhené Aiko,USUK,,,,,,,,,,,,,,,,,
Hoe feat Miguel & Gucci Mane,Jhené Aiko,USUK,https://www.youtube.com/watch?v=63Wg9jG_GYU,,,169425,1526,,,,,,,,,,,,
Sailing NOT Selling feat Kanye West,Jhené Aiko,USUK,,,,,,,,,,,,,,,,,
"Real NOW feat. Lite, H.O.PE. & Roosevelt",Jhené Aiko,USUK,,,,,,,,,,,,,,,,,
the beginning,Jhené Aiko,USUK,https://www.youtube.com/watch?v=x2iAQyft-Lo,https://open.spotify.com/track/2DofUS4c3OG1rLj5VtqFGj,,134687,237,,,,,,,,,,,,
Triggered (Remix) [feat. 21 Savage & Summer Walker],Jhené Aiko,USUK,https://www.youtube.com/watch?v=NQTiXxFOgGA,https://open.spotify.com/track/1vXFnAO7zu7n0ErcJmGLZF,,7123510,81464,,,,,,,,,,,,
Tryna Smoke (Remix) [feat. Chris Brown & Snoop Dogg],Jhené Aiko,USUK,https://www.youtube.com/watch?v=0UCqIAT9odQ,https://open.spotify.com/track/20aFFCP7UcwViYhgkRTOg5,,1677147,37408,,,,,,,,,,,,
To Love & Die (ft. Cocaine 80s),Jhené Aiko,USUK,,,,,,,,,,,,,,,,,
One Way St.,Jhené Aiko,USUK,https://www.youtube.com/watch?v=tbs18p3sIaQ,,,1756936,55863,,,,,,,,,,,,
Happy (featuring B2K),Jhené Aiko,USUK,,https://open.spotify.com/track/2LyUkkom46SOVwuxXGTxDg,,,,,,,,,,,,,,,
10k Hours,Jhené Aiko,USUK,https://www.youtube.com/watch?v=UUditTGPLOI,,,4000939,79239,,,,,,,,,,,,
Lightning & Thunder,Jhené Aiko,USUK,https://www.youtube.com/watch?v=Ny7GKnU0yvQ,,,7590816,51461,,,,,,,,,,,,
On the Way,Jhené Aiko,USUK,,,,,,,,,,,,,,,,,
Surrender,Jhené Aiko,USUK,https://www.youtube.com/watch?v=qwyrvolfa3I,,,3224461,28647,,,,,,,,,,,,
Snapped,Jhené Aiko,USUK,https://www.youtube.com/watch?v=0StVh0snNAs,,,455928,1804,,,,,,,,,,,,
For My Brother,Jhené Aiko,USUK,https://www.youtube.com/watch?v=hrGRxQeKf9M,,,322478,3249,,,,,,,,,,,,
Hoe,Jhené Aiko,USUK,https://www.youtube.com/watch?v=OPpJfqxwFPc,,,919055,9352,,,,,,,,,,,,
Promises feat. Namiko & Miyagi,Jhené Aiko,USUK,,,,,,,,,,,,,,,,,
2 Seconds (Bonus),Jhené Aiko,USUK,https://www.youtube.com/watch?v=GhHkOJl6UMw,https://open.spotify.com/track/1dnECPoSYg3ni8dr8HhulX,,531049,8978,,,,,,,,,,,,
mirrors (Bonus),Jhené Aiko,USUK,https://www.youtube.com/watch?v=JL2Qa0cmN-8,,,10924,138,,,,,,,,,,,,
Hello Ego (feat. Chris Brown),Jhené Aiko,USUK,https://www.youtube.com/watch?v=rEc3qrIo1Os,,,4643606,75322,,,,,,,,,,,,
July,Jhené Aiko,USUK,https://www.youtube.com/watch?v=2BDXT7uzkIE,https://open.spotify.com/track/1C2pwl2LMAmWVsCLb9bgZn,,,,,,,,,,,,,,,
Comfort Inn Ending,Jhené Aiko,USUK,https://www.youtube.com/watch?v=ciQ8UL5M77Q,,,141810,1536,,,,,,,,,,,,
Beautiful Ruin,Jhené Aiko,USUK,https://www.youtube.com/watch?v=UT4XPwAmQ9Y,,,192132,2212,,,,,,,,,,,,
Lightning  Thunder,Jhené Aiko,USUK,,,,,,,,,,,,,,,,,
Newer Balance,Jhené Aiko,USUK,,,,,,,,,,,,,,,,,
Do Better Blues,Jhené Aiko,USUK,https://www.youtube.com/watch?v=H5FGzFQqzFg,,,35508,267,,,,,,,,,,,,
Pretty Bird (Freestyle),Jhené Aiko,USUK,https://www.youtube.com/watch?v=UCnvRnCoGYU,https://open.spotify.com/track/0orABE1PIuFDeifhpC1rjR,,1945702,14047,,,,,,,,,,,,
W.A.Y.S,Jhené Aiko,USUK,https://www.youtube.com/watch?v=giWQVCM8eTI,,,688403,7634,,,,,,,,,,,,
The Vapors (AC Slater Remix),Jhené Aiko,USUK,,,,,,,,,,,,,,,,,
Spotless Mind (Wet Paint Remix),Jhené Aiko,USUK,,,,,,,,,,,,,,,,,
Club Stranger (Nguzunguzu Remix),Jhené Aiko,USUK,,,,,,,,,,,,,,,,,
"In a World of My Own/Very Good Advice (From ""Alice In Wonderland"")",Jhené Aiko,USUK,,,,,,,,,,,,,,,,,
Mirrors (J£ZUS MILLION Edit),Jhené Aiko,USUK,,,,,,,,,,,,,,,,,
B's & H's,Jhené Aiko,USUK,https://www.youtube.com/watch?v=fruD0ePcpuU,,,9467620,118764,,,,,,,,,,,,
Hoe (feat. Miguel & Gucci Mane),Jhené Aiko,USUK,https://www.youtube.com/watch?v=HbYLwtRpag4,,,674632,11567,,,,,,,,,,,,
3_16 AM,Jhené Aiko,USUK,,,,,,,,,,,,,,,,,
Everything Must Go,Jhené Aiko,USUK,https://www.youtube.com/watch?v=kX6Sfv9Wiy4,,,4938,14,,,,,,,,,,,,
Wait No More,Jhené Aiko,USUK,https://www.youtube.com/watch?v=ZL7z14pHVKo,,,4451523,41627,,,,,,,,,,,,
Bad Trip,Jhené Aiko,USUK,,,,,,,,,,,,,,,,,
Bed Peace ft. Childish Gambino,Jhené Aiko,USUK,,,,,,,,,,,,,,,,,
Sneaky,Jhené Aiko,USUK,,,,,,,,,,,,,,,,,
To Love  Die,Jhené Aiko,USUK,,,,,,,,,,,,,,,,,
Real Now,Jhené Aiko,USUK,https://www.youtube.com/watch?v=B7CCAOAADY0,,,102685,625,,,,,,,,,,,,
snapped (Bonus),Jhené Aiko,USUK,,,,,,,,,,,,,,,,,
In Love We Trust (feat. Casey Veggies),Jhené Aiko,USUK,https://www.youtube.com/watch?v=b8DY8bhDGRk,,,1888194,12058,,,,,,,,,,,,
Growing Apart Too,Jhené Aiko,USUK,https://www.youtube.com/watch?v=RbEdxtQOhI0,,,111193,1012,,,,,,,,,,,,
Mystic Journey,Jhené Aiko,USUK,,,,,,,,,,,,,,,,,
The Pressure (Explicit),Jhené Aiko,USUK,,,,,,,,,,,,,,,,,
Picture Perfect,Jhené Aiko,USUK,,,,,,,,,,,,,,,,,
My Mine (Jeftuz remix),Jhené Aiko,USUK,,,,,,,,,,,,,,,,,
Never Call Me (Remix) [feat. YG],Jhené Aiko,USUK,,https://open.spotify.com/track/2ZbvTTHaZIYu9XhnRO44mr,,,,,,,,,,,,,,,
Stuck Like This,Jhené Aiko,USUK,,https://open.spotify.com/track/6kf1hKaDWVXjrLgB3ntpXV,,,,,,,,,,,,,,,
B's & H's (Bonus),Jhené Aiko,USUK,,,,,,,,,,,,,,,,,
Do Better Blues (feat. H.O.P.E.),Jhené Aiko,USUK,,,,,,,,,,,,,,,,,
Stay Ready (J Henny Rap Verse),Jhené Aiko,USUK,,,,,,,,,,,,,,,,,
OLLA (Only Lovers Left Alive) (feat. TWENTY88),Jhené Aiko,USUK,https://www.youtube.com/watch?v=HoFBrF8-Yc0,https://open.spotify.com/track/1DlMzdRaFpIABvx07jCgvQ,,1395907,8937,,,,,,,,,,,,
Growing Apart Too (feat. Kendrick Lamar & H.O.P.E.),Jhené Aiko,USUK,,,,,,,,,,,,,,,,,
02 Stranger,Jhené Aiko,USUK,,,,,,,,,,,,,,,,,
Bed Peace (ft. Childish Gambino),Jhené Aiko,USUK,,,,,,,,,,,,,,,,,
Psilocybin (Love In Full Effect) (feat. Dr. Chill),Jhené Aiko,USUK,https://www.youtube.com/watch?v=-BbGvFf94V4,https://open.spotify.com/track/63OzpVdDGsUJnNqN6q5O3z,,10826665,48037,,,,,,,,,,,,
Party for Me (feat. Ty Dolla $ign) [West Coast Version],Jhené Aiko,USUK,,,,,,,,,,,,,,,,,
Sailing NOT Selling feat. Kanye West,Jhené Aiko,USUK,,,,,,,,,,,,,,,,,
In a World of My Own/Very Good Advice,Jhené Aiko,USUK,https://www.youtube.com/watch?v=emLCCl2yKuk,https://open.spotify.com/track/1ZXPYtTbKVJDsMXoXneKnd,,45182,725,,,,,,,,,,,,
P*$$Y Fairy (OTW) - Super Clean,Jhené Aiko,USUK,https://www.youtube.com/watch?v=nH9W8sQVhGA,https://open.spotify.com/track/28Gtg1zEuqIsMrXRioa6oO,,1484055,56725,,,,,,,,,,,,
Pain,Jhené Aiko,USUK,https://www.youtube.com/watch?v=byJSDv6isiE,,,,,,,,,,,,,,,,
Hoe feat. Miguel & Gucci Mane,Jhené Aiko,USUK,,,,,,,,,,,,,,,,,
Santa Baby,Jhené Aiko,USUK,,,,,,,,,,,,,,,,,
Comfort Inn Ending (freestyle) cont'd ...,Jhené Aiko,USUK,,,,,,,,,,,,,,,,,
July feat Drake,Jhené Aiko,USUK,,,,,,,,,,,,,,,,,
08 Sailing NOT Selling (feat. Kanye),Jhené Aiko,USUK,,,,,,,,,,,,,,,,,
3:16AM (Kid Smpl Remix),Jhené Aiko,USUK,https://www.youtube.com/watch?v=an0bvPok4GM,,,2422,13,,,,,,,,,,,,
B.S. ft. H.E.R.,Jhené Aiko,USUK,,,,,,,,,,,,,,,,,
04 July (feat. Drake),Jhené Aiko,USUK,,,,,,,,,,,,,,,,,
Oblivion (Creation) (feat. Dr. Chill),Jhené Aiko,USUK,https://www.youtube.com/watch?v=9gi4lmcgI4k,https://open.spotify.com/track/6bPX2O1L9QAlvUaindaEFL,,2851064,18915,,,,,,,,,,,,
Beware,Jhené Aiko,USUK,,,,,,,,,,,,,,,,,
10 Higher,Jhené Aiko,USUK,,,,,,,,,,,,,,,,,
03 Hoe (feat. Miguel),Jhené Aiko,USUK,,,,,,,,,,,,,,,,,
11 you vs them,Jhené Aiko,USUK,,,,,,,,,,,,,,,,,
09 do better blues (with HOPE),Jhené Aiko,USUK,,,,,,,,,,,,,,,,,
06 Popular,Jhené Aiko,USUK,,,,,,,,,,,,,,,,,
05 My Mine,Jhené Aiko,USUK,,,,,,,,,,,,,,,,,
"Hoe (feat. Miguel, Gucci Mane)",Jhené Aiko,USUK,,,,,,,,,,,,,,,,,
Tiny Desk (Home) Concert,Jhené Aiko,USUK,https://www.youtube.com/watch?v=XVMJXZYgNfc,,,14508086,261953,,,,,,,,,,,,
Cherry Pie,Jhené Aiko,USUK,,https://open.spotify.com/track/57kwhK2SkzCGteyjJc1vRl,,,,,,,,,,,,,,,
"13 growing apart too (feat. Kendrick Lamar, HOPE)",Jhené Aiko,USUK,,,,,,,,,,,,,,,,,
The Worst (Vacant Remix),Jhené Aiko,USUK,,,,,,,,,,,,,,,,,
"07 Real Now (feat. Lite, HOPE, Roosevelt)",Jhené Aiko,USUK,,,,,,,,,,,,,,,,,
Sativa (Remix) (Feat. Rae Sremmurd),Jhené Aiko,USUK,,,,,,,,,,,,,,,,,
12 Space Jam,Jhené Aiko,USUK,,,,,,,,,,,,,,,,,
Bed Peace Feat. Childish Gambino,Jhené Aiko,USUK,,,,,,,,,,,,,,,,,
Feel Like A Man,Jhené Aiko,USUK,https://www.youtube.com/watch?v=v7VEoeZKJyY,,,2937,80,,,,,,,,,,,,
Runaway (A JAYBeatz Mashup) (Feat. The Weeknd & Frank Ocean),Jhené Aiko,USUK,,,,,,,,,,,,,,,,,
Triggered,Jhené Aiko,USUK,,,,,,,,,,,,,,,,,
Comfort Inn Ending (Freestyle) (Explicit),Jhené Aiko,USUK,,,,,,,,,,,,,,,,,
In Love We Trust,Jhené Aiko,USUK,,,,,,,,,,,,,,,,,
Do Better Blues Pt. 2 (Marvin's Room),Jhené Aiko,USUK,https://www.youtube.com/watch?v=JwSo5Lp4tDA,,,1066318,11546,,,,,,,,,,,,
Promises (Ft. Miyagi and Namiko),Jhené Aiko,USUK,,,,,,,,,,,,,,,,,
Stay Ready,Jhené Aiko,USUK,,,,,,,,,,,,,,,,,
The Worst [Explicit],Jhené Aiko,USUK,,,,,,,,,,,,,,,,,
Jukai (Daju Flip),Jhené Aiko,USUK,,,,,,,,,,,,,,,,,
Burning Man (3:16pm),Jhené Aiko,USUK,,,,,,,,,,,,,,,,,
Growing Apart Too (feat. Kendrick Lamar & Hope),Jhené Aiko,USUK,,,,,,,,,,,,,,,,,
Promises (feat. Miyagi and Namiko),Jhené Aiko,USUK,,,,,,,,,,,,,,,,,
July (ft. Drake),Jhené Aiko,USUK,https://www.youtube.com/watch?v=X2yU8YIV22o,,,46550,823,,,,,,,,,,,,
"Jhene' Aiko ""Wrap Me Up"" ft. James Fauntleroy",Jhené Aiko,USUK,,,,,,,,,,,,,,,,,
B.S. (feat. Her),Jhené Aiko,USUK,https://www.youtube.com/watch?v=tXZ_B8Amy00,,,71297575,436288,,,,,,,,,,,,
CLUB STRANGER(nguzunguzu rmx),Jhené Aiko,USUK,,,,,,,,,,,,,,,,,
I'd Rather Be,Jhené Aiko,USUK,https://www.youtube.com/watch?v=mZf2uatocD0,,,5697,58,,,,,,,,,,,,
B.S. (Remix) (feat. Kehlani),Jhené Aiko,USUK,,,,,,,,,,,,,,,,,
Sneaky - Snippet for Intl.,Jhené Aiko,USUK,,https://open.spotify.com/track/7gbBECtXL7PNiRYvRzWD7q,,,,,,,,,,,,,,,
Burning Man (3-16pm),Jhené Aiko,USUK,https://www.youtube.com/watch?v=noCHmC_kUUU,,,76248,443,,,,,,,,,,,,
Promises feat. Namiko and Miyagi,Jhené Aiko,USUK,,,,,,,,,,,,,,,,,
"Growing Apart Too (Feat. Kendrick Lamar, H.O.P.E.)",Jhené Aiko,USUK,,,,,,,,,,,,,,,,,
The Worst (Truth Remix),Jhené Aiko,USUK,https://www.youtube.com/watch?v=oEYMi3LxmNQ,,,19386,250,,,,,,,,,,,,
"In a World Of My Own / Very Good Advice (From ""Alice In Wonderland"")",Jhené Aiko,USUK,,,,,,,,,,,,,,,,,
Angel,Jhené Aiko,USUK,,,,,,,,,,,,,,,,,
The Worst (chase miles remix),Jhené Aiko,USUK,,,,,,,,,,,,,,,,,
Let You Go,Jhené Aiko,USUK,https://www.youtube.com/watch?v=8N2B-yQ5Iq0,,,,,,,,,,,,,,,,
3:16,Jhené Aiko,USUK,https://www.youtube.com/watch?v=3nVN9Zfcnbs,,,3275107,27128,,,,,,,,,,,,
To Love and Die feat. Cocaine 80s,Jhené Aiko,USUK,,,,,,,,,,,,,,,,,
The Vapors (ft. Vince Staples),Jhené Aiko,USUK,,,,,,,,,,,,,,,,,
Never Call Me Ft. Kurupt,Jhené Aiko,USUK,,,,,,,,,,,,,,,,,
A&B,Jhené Aiko,USUK,,,,,,,,,,,,,,,,,
Stay Ready (What A Life) (ft Kendrick Lamar),Jhené Aiko,USUK,,,,,,,,,,,,,,,,,
B.S. (part. H.E.R.),Jhené Aiko,USUK,,,,,,,,,,,,,,,,,
Drake Ft. Jhené Aiko,Jhené Aiko,USUK,,,,,,,,,,,,,,,,,
Keep Ya Head Up,Jhené Aiko,USUK,,https://open.spotify.com/track/210Hpt8Gh7ITi4EmgWl4sD,,,,,,,,,,,,,,,
Comfort Inn Ending (Freestyle) (Bonus Track),Jhené Aiko,USUK,,,,,,,,,,,,,,,,,
Pretty Bird (Ft. Common) (Freestyle),Jhené Aiko,USUK,,,,,,,,,,,,,,,,,
The Worst - Album Version (Edited),Jhené Aiko,USUK,,https://open.spotify.com/track/0z3rooQS0mygmmyOz7oKp0,,,,,,,,,,,,,,,
The Worst (Album Version (Explicit)),Jhené Aiko,USUK,,,,,,,,,,,,,,,,,
Bed Peace - Album Version (Edited),Jhené Aiko,USUK,,,,,,,,,,,,,,,,,
PU$$Y Fairy (OTW),Jhené Aiko,USUK,https://www.youtube.com/watch?v=wy2ujCUtCHU,,,116687865,881022,,,,,,,,,,,,
B.S. (Remix) [feat. Kehlani] [feat. Kehlani],Jhené Aiko,USUK,,,,,,,,,,,,,,,,,
July Ft. Drake,Jhené Aiko,USUK,,,,,,,,,,,,,,,,,
Sneaky (feat. Lil' Fizz),Jhené Aiko,USUK,,,,,,,,,,,,,,,,,
Wth ft. Ab Soul,Jhené Aiko,USUK,,,,,,,,,,,,,,,,,
"Jhene' Aiko ft. Cocaine 80s ""To Love & Die""",Jhené Aiko,USUK,,,,,,,,,,,,,,,,,
Bed Peace (ft Childish Gambino),Jhené Aiko,USUK,,,,,,,,,,,,,,,,,
Promises (feat. Namiko and Miyagi),Jhené Aiko,USUK,,,,,,,,,,,,,,,,,
The Vapors (ft Vince Staples),Jhené Aiko,USUK,,,,,,,,,,,,,,,,,
"Real Now (Feat. Lite, H.O.P.E., Roosevelt)",Jhené Aiko,USUK,,,,,,,,,,,,,,,,,
Down Again,Jhené Aiko,USUK,https://www.youtube.com/watch?v=6TkNxYMCskA,,,503819,10198,,,,,,,,,,,,
Sativa Ft. Swae Lee,Jhené Aiko,USUK,,,,,,,,,,,,,,,,,
Hoe (ft. Miguel & Gucci Mane),Jhené Aiko,USUK,,,,,,,,,,,,,,,,,
Promises (Feat. Miyagi & Namiko),Jhené Aiko,USUK,,,,,,,,,,,,,,,,,
02 - Stranger,Jhené Aiko,USUK,,,,,,,,,,,,,,,,,
Sativa (part. Rae Sremmurd),Jhené Aiko,USUK,,,,,,,,,,,,,,,,,
Soulo Ho3 (feat. Jhene Aiko),Jhené Aiko,USUK,,,,,,,,,,,,,,,,,
"""3:16""",Jhené Aiko,USUK,,,,,,,,,,,,,,,,,
To Love & Die (feat. Cocaine 80's),Jhené Aiko,USUK,,,,,,,,,,,,,,,,,
Stay Ready (What a Life) ft. Kendrick Lamar,Jhené Aiko,USUK,,,,,,,,,,,,,,,,,
Stay Ready (What A Life) (ft. Kendrick Lamar),Jhené Aiko,USUK,,,,,,,,,,,,,,,,,
"Real NOW (feat. Lite, H.O.PE. & Roosevelt)",Jhené Aiko,USUK,,,,,,,,,,,,,,,,,
B.S. (Remix),Jhené Aiko,USUK,,,,,,,,,,,,,,,,,
Vote (as featured on ABC’s black-ish),Jhené Aiko,USUK,,,,,,,,,,,,,,,,,
Triggered (Remix) (feat. 21 Savage & Summer Walker),Jhené Aiko,USUK,,,,,,,,,,,,,,,,,
"Happiness Over Everything (H.O.E.) ft. Future, Miguel",Jhené Aiko,USUK,,,,,,,,,,,,,,,,,
Sativa  ft. Swae Lee,Jhené Aiko,USUK,,,,,,,,,,,,,,,,,
To Love And Die (feat. Cocaine 80s),Jhené Aiko,USUK,,,,,,,,,,,,,,,,,
WTH (ft Ab-Soul),Jhené Aiko,USUK,,,,,,,,,,,,,,,,,
Sex Drive (feat. Jhene Aiko),Jhené Aiko,USUK,,https://open.spotify.com/track/0aLENiw1s8df2PjmI34dkO,,,,,,,,,,,,,,,
Comfort Inn (Eliminate Remix),Jhené Aiko,USUK,,,,,,,,,,,,,,,,,
"Real Now (feat. Lite, Hope & Roosevelt)",Jhené Aiko,USUK,,,,,,,,,,,,,,,,,
Gonna Love You Anyway - Snippet,Jhené Aiko,USUK,,https://open.spotify.com/track/2EHE0hgIdrcmUVm32bftZc,,,,,,,,,,,,,,,
FROM TIME TF CHOP 4 JESSE,Jhené Aiko,USUK,,,,,,,,,,,,,,,,,
Never Call Me (feat. YG),Jhené Aiko,USUK,,,,,,,,,,,,,,,,,
Growing Apart Too (ft. Kendrick Lamar & H.O.P.E.),Jhené Aiko,USUK,,,,,,,,,,,,,,,,,
Stay Ready (Feat. Kendrick Lamar),Jhené Aiko,USUK,,,,,,,,,,,,,,,,,
05 - My Mine,Jhené Aiko,USUK,,,,,,,,,,,,,,,,,
03 - Hoe feat Miguel & Gucci Mane,Jhené Aiko,USUK,,,,,,,,,,,,,,,,,
04 - July ft. Drake,Jhené Aiko,USUK,,,,,,,,,,,,,,,,,
Triggered Freestyle,Jhené Aiko,USUK,,,,,,,,,,,,,,,,,
OTW ft. Mila J,Jhené Aiko,USUK,,,,,,,,,,,,,,,,,
"""Burning Man (3:16am)""",Jhené Aiko,USUK,,,,,,,,,,,,,,,,,
Stay Ready (What A Life) [feat. Kendrick Lamar] [Explicit],Jhené Aiko,USUK,,,,,,,,,,,,,,,,,
The Vapors ft. Vince Staples,Jhené Aiko,USUK,,,,,,,,,,,,,,,,,
Tryna Smoke (Remix) (feat. Chris Brown & Snoop Dogg),Jhené Aiko,USUK,,,,,,,,,,,,,,,,,
Wrap Me Up (feat. James Fauntleroy),Jhené Aiko,USUK,,,,,,,,,,,,,,,,,
Expiration Date,Jhené Aiko,USUK,,,,,,,,,,,,,,,,,
Do Better Blues (Ft. H.O.P.E.),Jhené Aiko,USUK,,,,,,,,,,,,,,,,,
10k Hours ft. Nas,Jhené Aiko,USUK,,,,,,,,,,,,,,,,,
The Vapors feat. Vince Staples,Jhené Aiko,USUK,,,,,,,,,,,,,,,,,
Dog,Jhené Aiko,USUK,,,,,,,,,,,,,,,,,
Party For Me (Outro),Jhené Aiko,USUK,https://www.youtube.com/watch?v=SZzwO-ENXeA,,,1870260,23301,,,,,,,,,,,,
08 - Sailing NOT Selling feat Kanye West,Jhené Aiko,USUK,,,,,,,,,,,,,,,,,
Lyin King (SOULED OUT),Jhené Aiko,USUK,,,,,,,,,,,,,,,,,
Stranger ft Jesse Boykins III,Jhené Aiko,USUK,,,,,,,,,,,,,,,,,
07 - Real NOW feat Lite HOPE & Roosevelt,Jhené Aiko,USUK,,,,,,,,,,,,,,,,,
He Couldn't Kiss,Jhené Aiko,USUK,,https://open.spotify.com/track/50woW8CF27ai5gAbtj7VTr,,,,,,,,,,,,,,,
‎P*$$Y Fairy (OTW),Jhené Aiko,USUK,,,,,,,,,,,,,,,,,
Sativa (part. Swae Lee),Jhené Aiko,USUK,,,,,,,,,,,,,,,,,
"Jhene' Aiko ""Stay Ready"" (J Henny Rap Verse)",Jhené Aiko,USUK,,,,,,,,,,,,,,,,,
The Love & Die (Feat. Cocaine 80s),Jhené Aiko,USUK,,,,,,,,,,,,,,,,,
WTH feat. Ab-Soul,Jhené Aiko,USUK,,,,,,,,,,,,,,,,,
"Sailing, Not Selling (ft. Kanye West)",Jhené Aiko,USUK,,,,,,,,,,,,,,,,,
WTH (ft. Ab-Soul),Jhené Aiko,USUK,,,,,,,,,,,,,,,,,
10 - Higher,Jhené Aiko,USUK,,,,,,,,,,,,,,,,,
P*$$Y Fairy,Jhené Aiko,USUK,,,,,,,,,,,,,,,,,
While We're Young [Explicit],Jhené Aiko,USUK,,,,,,,,,,,,,,,,,
06 - Popular,Jhené Aiko,USUK,,,,,,,,,,,,,,,,,
The Worst (Kamandi Flip),Jhené Aiko,USUK,,,,,,,,,,,,,,,,,
Comfort Inn Ending (Cont'd),Jhené Aiko,USUK,,,,,,,,,,,,,,,,,
You vs. Them (Acoustic),Jhené Aiko,USUK,,,,,,,,,,,,,,,,,
"Real Now (feat. Lite, H.O.P.E. & Roosevelt)",Jhené Aiko,USUK,,,,,,,,,,,,,,,,,
I'm Back,Jhené Aiko,USUK,,,,,,,,,,,,,,,,,
Stay Ready (What A Life) featuring Kendrick Lamar,Jhené Aiko,USUK,,,,,,,,,,,,,,,,,
Keep Ya Head Up (2Pac Cover),Jhené Aiko,USUK,,,,,,,,,,,,,,,,,
"Real Now (feat. Lite, H.O.P.E. & K. Roosevelt)",Jhené Aiko,USUK,https://www.youtube.com/watch?v=UWjGenWPY_A,,,367743,2320,,,,,,,,,,,,
11 - You Vs Them,Jhené Aiko,USUK,,,,,,,,,,,,,,,,,
"""In LOVE We Trust"" Ft. Casey Veggies",Jhené Aiko,USUK,,,,,,,,,,,,,,,,,
Mirrors (Lion González Remix),Jhené Aiko,USUK,,,,,,,,,,,,,,,,,
July feat. Drake,Jhené Aiko,USUK,,,,,,,,,,,,,,,,,
13 - Growing Apart Too feat Kendrick Lamar & HOPE,Jhené Aiko,USUK,,,,,,,,,,,,,,,,,
Tryna Smoke (Remix),Jhené Aiko,USUK,,,,,,,,,,,,,,,,,
It’s Cool,Jhené Aiko,USUK,,,,,,,,,,,,,,,,,
Real Now (ft. Lite & H.O.P.E. & Roosevelt),Jhené Aiko,USUK,,,,,,,,,,,,,,,,,
None Of Your Concern (part. Big Sean),Jhené Aiko,USUK,,,,,,,,,,,,,,,,,
The Worst (Austin Millz Remix),Jhené Aiko,USUK,,,,,,,,,,,,,,,,,
In Love We Trust f. Casey Veggies,Jhené Aiko,USUK,,,,,,,,,,,,,,,,,
Dog (Feat. Lil' Fizz),Jhené Aiko,USUK,,,,,,,,,,,,,,,,,
- Comfort Inn Ending,Jhené Aiko,USUK,,,,,,,,,,,,,,,,,
B.S. (Animated Visual) ft. H.E.R.,Jhené Aiko,USUK,,,,,,,,,,,,,,,,,
Triggered [freestyle],Jhené Aiko,USUK,,,,,,,,,,,,,,,,,
"""For My Brother""",Jhené Aiko,USUK,,,,,,,,,,,,,,,,,
12 - Space Jam,Jhené Aiko,USUK,,,,,,,,,,,,,,,,,
09 - Do Better Blues feat HOPE,Jhené Aiko,USUK,,,,,,,,,,,,,,,,,
Vapors (Madbliss rework),Jhené Aiko,USUK,,,,,,,,,,,,,,,,,
- Keep Ya Head Up (2Pac Cover),Jhené Aiko,USUK,,,,,,,,,,,,,,,,,
new balance (ROUGH),Jhené Aiko,USUK,,,,,,,,,,,,,,,,,
Won't Play The Game,Jhené Aiko,USUK,,,,,,,,,,,,,,,,,
From Time (Instrumental),Jhené Aiko,USUK,,,,,,,,,,,,,,,,,
"In A World Of My Own/Very Good Advice - Aus ""Alice im Wunderland""",Jhené Aiko,USUK,,,,,,,,,,,,,,,,,
The Vapors [feat. Vince Staples],Jhené Aiko,USUK,,,,,,,,,,,,,,,,,
Stay Ready ft. Kendrick Lamar,Jhené Aiko,USUK,,,,,,,,,,,,,,,,,
- Bed Peace,Jhené Aiko,USUK,,,,,,,,,,,,,,,,,
- Feel Like A Man,Jhené Aiko,USUK,,,,,,,,,,,,,,,,,
Comfort Inn,Jhené Aiko,USUK,,,,,,,,,,,,,,,,,
calm  patient,Jhené Aiko,USUK,,,,,,,,,,,,,,,,,
Triggered (Remix),Jhené Aiko,USUK,,,,,,,,,,,,,,,,,
Wasted Love Freestyle 2018,Jhené Aiko,USUK,,,,,,,,,,,,,,,,,
Pretty Bird (feat. Common),Jhené Aiko,USUK,,,,,,,,,,,,,,,,,
Burning Man (3:16 PM),Jhené Aiko,USUK,,,,,,,,,,,,,,,,,
- For My Brother,Jhené Aiko,USUK,,,,,,,,,,,,,,,,,
Growing Apart Too (Kid Smpl Remix),Jhené Aiko,USUK,https://www.youtube.com/watch?v=TaXGZ_zL8eU,,,3504,19,,,,,,,,,,,,
Happiness Over Everything (H.O.E),Jhené Aiko,USUK,,,,,,,,,,,,,,,,,
Triggered (Dance Mix) [feat. Saweetie],Jhené Aiko,USUK,,,,,,,,,,,,,,,,,
P*$$Y Fairy (OTW) [Explicit],Jhené Aiko,USUK,,,,,,,,,,,,,,,,,
Tryna Smoke (Remix) [feat. Chris Brown & Snoop Dogg] [feat. Chris Brown & Snoop Dogg],Jhené Aiko,USUK,,,,,,,,,,,,,,,,,
Sailing NOT Selling Ft. Kanye West,Jhené Aiko,USUK,,,,,,,,,,,,,,,,,
Wont Play The Game,Jhené Aiko,USUK,,,,,,,,,,,,,,,,,
Do Better Blues feat Hope,Jhené Aiko,USUK,,,,,,,,,,,,,,,,,
Sativa [feat. Swae Lee],Jhené Aiko,USUK,,,,,,,,,,,,,,,,,
The Pressure [Explicit],Jhené Aiko,USUK,,,,,,,,,,,,,,,,,
3-16 AM (absntCUE Remix),Jhené Aiko,USUK,,,,,,,,,,,,,,,,,
To Love And Die,Jhené Aiko,USUK,https://www.youtube.com/watch?v=3GYhGgS06lM,,,,,,,,,,,,,,,,
Bed Peace featuring Childish Gambino,Jhené Aiko,USUK,,,,,,,,,,,,,,,,,
Jhené Aiko - P*$$Y FAIRY (OTW),Jhené Aiko,USUK,,,,,,,,,,,,,,,,,
Bed Peace Ft Childish Gambino,Jhené Aiko,USUK,,,,,,,,,,,,,,,,,
‎Triggered (freestyle),Jhené Aiko,USUK,,,,,,,,,,,,,,,,,
"""2 Seconds""",Jhené Aiko,USUK,,,,,,,,,,,,,,,,,
The Worst (HeadBanga Remix),Jhené Aiko,USUK,,,,,,,,,,,,,,,,,
B's + H's,Jhené Aiko,USUK,https://www.youtube.com/watch?v=fruD0ePcpuU,,,9467620,118764,,,,,,,,,,,,
Party For Me (West Coast Version),Jhené Aiko,USUK,https://www.youtube.com/watch?v=SZzwO-ENXeA,,,1870260,23301,,,,,,,,,,,,
Wrap Me Up ft. James Fauntleroy,Jhené Aiko,USUK,,,,,,,,,,,,,,,,,
Stay Ready [feat. J Henny],Jhené Aiko,USUK,,,,,,,,,,,,,,,,,
My Afternoon Dream (Twenty9 Edit),Jhené Aiko,USUK,,,,,,,,,,,,,,,,,
Clear My Mind,Jhené Aiko,USUK,https://www.youtube.com/watch?v=K4gsIIUX_V8,,,3849,113,,,,,,,,,,,,
In Love We Trust (feat Casey Veggies),Jhené Aiko,USUK,,,,,,,,,,,,,,,,,
The Worst (Lenzman Remix),Jhené Aiko,USUK,,,,,,,,,,,,,,,,,
- Id Rather Be,Jhené Aiko,USUK,,,,,,,,,,,,,,,,,
- Im Back,Jhené Aiko,USUK,,,,,,,,,,,,,,,,,
- Angel,Jhené Aiko,USUK,,,,,,,,,,,,,,,,,
Do Better Blues (Feat H.O.P.E.),Jhené Aiko,USUK,,,,,,,,,,,,,,,,,
Sex Drive (feat. J Hene Aiko),Jhené Aiko,USUK,,,,,,,,,,,,,,,,,
Stay Ready (What a Life) - Jhene Aiko ft. Kendrick Lamar,Jhené Aiko,USUK,,,,,,,,,,,,,,,,,
Triggered (freestyle) [Explicit],Jhené Aiko,USUK,,,,,,,,,,,,,,,,,
Comfort Inn Ending (OZZIE Edit),Jhené Aiko,USUK,,,,,,,,,,,,,,,,,
Stranger (Skit's Instrumental Rebuild),Jhené Aiko,USUK,,,,,,,,,,,,,,,,,
- Pain,Jhené Aiko,USUK,,,,,,,,,,,,,,,,,
Sailing NOT Selling (ft. Kanye West),Jhené Aiko,USUK,,,,,,,,,,,,,,,,,
Moments [feat. Big Sean],Jhené Aiko,USUK,,,,,,,,,,,,,,,,,
13. Remember,Jhené Aiko,USUK,,,,,,,,,,,,,,,,,
My Name Is Jhené - Intro,Jhené Aiko,USUK,,https://open.spotify.com/track/5xZkH13k53pVkBrHTeSdR3,,,,,,,,,,,,,,,
do better blues prt 2 (marvins room),Jhené Aiko,USUK,,,,,,,,,,,,,,,,,
Bed Peace featuring Childish Gambino (Album Version (Explicit)),Jhené Aiko,USUK,,,,,,,,,,,,,,,,,
The Vapors featuring Vince Staples,Jhené Aiko,USUK,,,,,,,,,,,,,,,,,
bill withers medley,Jhené Aiko,USUK,,,,,,,,,,,,,,,,,
Uncapped Interview (Intro),Jhené Aiko,USUK,,,,,,,,,,,,,,,,,
Do Better Blues (With H.O.P.E.),Jhené Aiko,USUK,,,,,,,,,,,,,,,,,
Stay Ready (What a Life)(feat. Kendrick Lamar),Jhené Aiko,USUK,,,,,,,,,,,,,,,,,
Hoe Ft. Miguel,Jhené Aiko,USUK,,,,,,,,,,,,,,,,,
Blue Dream (SOULED OUT),Jhené Aiko,USUK,,,,,,,,,,,,,,,,,
Never Call Me (Remix),Jhené Aiko,USUK,,,,,,,,,,,,,,,,,
Real NOW feat Lite HOPE & Roosevelt,Jhené Aiko,USUK,,,,,,,,,,,,,,,,,
In Love We Trust ft. Casey Veggies,Jhené Aiko,USUK,,,,,,,,,,,,,,,,,
- Snapped,Jhené Aiko,USUK,,,,,,,,,,,,,,,,,
Jhené Aiko - Sativa ft. Rae Sremmurd,Jhené Aiko,USUK,,,,,,,,,,,,,,,,,
Pretty Bird,Jhené Aiko,USUK,,,,,,,,,,,,,,,,,
Eternal Sunshine (Souled Out),Jhené Aiko,USUK,,,,,,,,,,,,,,,,,
Burning Man,Jhené Aiko,USUK,,,,,,,,,,,,,,,,,
To Love & Die featuring Cocaine 80s,Jhené Aiko,USUK,https://www.youtube.com/watch?v=dgOEfP4fFTs,,,,,,,,,,,,,,,,
- Burning Man (3-16pm),Jhené Aiko,USUK,,,,,,,,,,,,,,,,,
‎While We're Young,Jhené Aiko,USUK,,,,,,,,,,,,,,,,,
One Way St. ft. Ab-Soul,Jhené Aiko,USUK,,,,,,,,,,,,,,,,,
Seconds,Jhené Aiko,USUK,,,,,,,,,,,,,,,,,
Jhene Aiko - 3:16 (Kid Smpl Remix),Jhené Aiko,USUK,,,,,,,,,,,,,,,,,
- In Love We Trust (feat Casey Veggies),Jhené Aiko,USUK,,,,,,,,,,,,,,,,,
Eternal Sunshine (Souled Out) Lyrics,Jhené Aiko,USUK,,,,,,,,,,,,,,,,,
Growing Apart Too feat Kendrick Lamar & Hope,Jhené Aiko,USUK,,,,,,,,,,,,,,,,,
Comfort Inn Ending Pt 2,Jhené Aiko,USUK,,,,,,,,,,,,,,,,,
Id Rather Be,Jhené Aiko,USUK,,,,,,,,,,,,,,,,,
Pretty Bird (Freestyle) (ft. Common),Jhené Aiko,USUK,,,,,,,,,,,,,,,,,
In a World of My Own / Very Good Advice,Jhené Aiko,USUK,https://www.youtube.com/watch?v=tfecRjtdkio,,,182621,1585,,,,,,,,,,,,
- Wait No More,Jhené Aiko,USUK,,,,,,,,,,,,,,,,,
Chilombo Medley,Jhené Aiko,USUK,,,,,,,,,,,,,,,,,
My Afternoon Dream (beale remix),Jhené Aiko,USUK,,,,,,,,,,,,,,,,,
What a Life,Jhené Aiko,USUK,,,,,,,,,,,,,,,,,
Bed Peace [feat. Childish Gambino] [Explicit],Jhené Aiko,USUK,,,,,,,,,,,,,,,,,
July ft. Drake (Sailing Souls Mixtape),Jhené Aiko,USUK,,,,,,,,,,,,,,,,,
Stay Ready (What A Life) - Album Version (Edited),Jhené Aiko,USUK,,,,,,,,,,,,,,,,,
- Let You Go,Jhené Aiko,USUK,,,,,,,,,,,,,,,,,
Runaway (ft. The Weeknd & Frank Ocean),Jhené Aiko,USUK,,,,,,,,,,,,,,,,,
Moments  ft. Big Sean,Jhené Aiko,USUK,,,,,,,,,,,,,,,,,
- Wont Play The Game,Jhené Aiko,USUK,,,,,,,,,,,,,,,,,
WTH ft. Ab-Soul,Jhené Aiko,USUK,,,,,,,,,,,,,,,,,
Stay Ready (Ft. Kendrick Lamar),Jhené Aiko,USUK,,,,,,,,,,,,,,,,,
Boy,Jhené Aiko,USUK,,,,,,,,,,,,,,,,,
Psilocybin (Love In Full Effect)  ft. Dr. Chill,Jhené Aiko,USUK,,,,,,,,,,,,,,,,,
Right Here,Jhené Aiko,USUK,https://www.youtube.com/watch?v=9Lrqj_N7qWY,,,538936,9991,,,,,,,,,,,,
Sativa (ft. Swae Lee),Jhené Aiko,USUK,,,,,,,,,,,,,,,,,
Do Better Blues ft. H.O.P.E.,Jhené Aiko,USUK,,,,,,,,,,,,,,,,,
Tembleque,Jhon Erik,Latin,,,,,,,,,,,,,,,,,
Yo No Sé Porque,Jhon Erik,Latin,,,,,,,,,,,,,,,,,
Takatiki (intro Sube La mano Dj nanomix Remix),Jhon Erik,Latin,,,,,,,,,,,,,,,,,
El trombom,Jhon Erik,Latin,,,,,,,,,,,,,,,,,
Gato Modelo,Jhon Erik,Latin,,,,,,,,,,,,,,,,,
Sumbame - Extended Mix,Jhon Kleiber,Latin,,https://open.spotify.com/track/2JKogp9CW5ktQKf3XCXbtt,,,,,,,,,,,,,,,
Sumbame - Radio Edit,Jhon Kleiber,Latin,,https://open.spotify.com/track/1MKhS0PvJ7ZJ8aNuRFJVgO,,,,,,,,,,,,,,,
Te Arrancaré,Jhon Kleiber,Latin,,,,,,,,,,,,,,,,,
Gata Traviesa,Jhon Kleiber,Latin,https://www.youtube.com/watch?v=9uCSkqm_Tew,https://open.spotify.com/track/0PuD1h9mgLzphqRRM334ko,,10147,221,,,,,,,,,,,,
Sumbame,Jhon Kleiber,Latin,,,,,,,,,,,,,,,,,
Sumbame (feat. Borja Jimenez) [Radio Edit],Jhon Kleiber,Latin,,,,,,,,,,,,,,,,,
Te Arrancaré,Jhon Kleiber,Latin,,,,,,,,,,,,,,,,,
Te Olvidaré,Jhon Kleiber,Latin,,,,,,,,,,,,,,,,,
Besame Fuerte,Jhon Kleiber,Latin,,,,,,,,,,,,,,,,,
Amor de Mi Alma,Jhon Kleiber,Latin,,,,,,,,,,,,,,,,,
Permítelo Mi Dios,Jhon Kleiber,Latin,,,,,,,,,,,,,,,,,
I Want U Babe (Feat. Ruben Urgal & Borja Jimenez),Jhon Kleiber,Latin,,,,,,,,,,,,,,,,,
Shorty Girl (Feat. Andrew Boss),Jhon Kleiber,Latin,,,,,,,,,,,,,,,,,
Shorty Girl,Jhon Kleiber,Latin,,,,,,,,,,,,,,,,,
I Want U Babe,Jhon Kleiber,Latin,,,,,,,,,,,,,,,,,
Cuatro Heridas,Jhon Kleiber,Latin,,,,,,,,,,,,,,,,,
Mejor para los Dos,Jhon Kleiber,Latin,,,,,,,,,,,,,,,,,
Recuérdame,Jhon Kleiber,Latin,,,,,,,,,,,,,,,,,
Mi Tatuaje,Jhon Kleiber,Latin,,,,,,,,,,,,,,,,,
Dímelo Ahora,Jhon Kleiber,Latin,,,,,,,,,,,,,,,,,
Amor de Bendición,Jhon Kleiber,Latin,,,,,,,,,,,,,,,,,
Por Tus Ojos,Jhon Kleiber,Latin,,,,,,,,,,,,,,,,,
De Descontrol,Jhon Kleiber,Latin,,https://open.spotify.com/track/00WCtH8V8fGPRk2I3CLJLd,,,,,,,,,,,,,,,
Sumbame (Radio Edit) [feat. Borja Jimenez],Jhon Kleiber,Latin,,,,,,,,,,,,,,,,,
Tú Quieres,Jhon Kleiber,Latin,,,,,,,,,,,,,,,,,
Sin Ti,Jhon Kleiber,Latin,,,,,,,,,,,,,,,,,
No Puedo Ocultar,Jhon Kleiber,Latin,,,,,,,,,,,,,,,,,
Sumbame (Radio Edit),Jhon Kleiber,Latin,,,,,,,,,,,,,,,,,
Jhon Kleiber Sin Ti KonKlase.Com,Jhon Kleiber,Latin,,,,,,,,,,,,,,,,,
